2022/10/19,1.3785
2022/10/18,1.37214
2022/10/17,1.38125
2022/10/14,1.3817
2022/10/13,1.38033
2022/10/12,1.38007
2022/10/11,1.37838
2022/10/10,1.3728
2022/10/07,1.37154
2022/10/06,1.36663
2022/10/05,1.36087
2022/10/04,1.36518
2022/10/03,1.37362
2022/09/30,1.37474
2022/09/29,1.36967
2022/09/28,1.37554
2022/09/27,1.36831
2022/09/26,1.36792
2022/09/23,1.35093
2022/09/22,1.34338
2022/09/21,1.33878
2022/09/20,1.32866
2022/09/19,1.33073
2022/09/16,1.32871
2022/09/15,1.31825
2022/09/14,1.31902
2022/09/13,1.2973
2022/09/12,1.29926
2022/09/09,1.30063
2022/09/08,1.31222
2022/09/07,1.31887
2022/09/06,1.31235
2022/09/05,1.31482
2022/09/02,1.31402
2022/09/01,1.31637
2022/08/31,1.3111
2022/08/30,1.30028
2022/08/29,1.30443
2022/08/26,1.29349
2022/08/25,1.29198
2022/08/24,1.29938
2022/08/23,1.30231
2022/08/22,1.29877
2022/08/19,1.29918
2022/08/18,1.28886
2022/08/17,1.29054
2022/08/16,1.29069
2022/08/15,1.29152
2022/08/12,1.27837
2022/08/11,1.27704
2022/08/10,1.28824
2022/08/09,1.2862
2022/08/08,1.28777
2022/08/05,1.28848
2022/08/04,1.28376
2022/08/03,1.2836
2022/08/02,1.28619
2022/08/01,1.27783
2022/07/29,1.28457
2022/07/28,1.28295
2022/07/27,1.28536
2022/07/26,1.28753
2022/07/25,1.28644
2022/07/22,1.28606
2022/07/21,1.29209
2022/07/20,1.28758
2022/07/19,1.29468
2022/07/18,1.29809
2022/07/15,1.30699
2022/07/14,1.31554
2022/07/13,1.2986
2022/07/12,1.30392
2022/07/11,1.30125
2022/07/08,1.29893
2022/07/07,1.29931
2022/07/06,1.30431
2022/07/05,1.29874
2022/07/04,1.28503
2022/07/01,1.2942
2022/06/30,1.29248
2022/06/29,1.28487
2022/06/28,1.28444
2022/06/27,1.29011
2022/06/24,1.2977
2022/06/23,1.2961
2022/06/22,1.29836
2022/06/21,1.29479
2022/06/20,1.29904
2022/06/17,1.29992
2022/06/16,1.29288
2022/06/15,1.29403
2022/06/14,1.29372
2022/06/13,1.28503
2022/06/10,1.27472
2022/06/09,1.25719
2022/06/08,1.25403
2022/06/07,1.26027
2022/06/06,1.25517
2022/06/03,1.25666
2022/06/02,1.2645
2022/06/01,1.26363
2022/05/31,1.26697
2022/05/30,1.26784
2022/05/27,1.27411
2022/05/26,1.28214
2022/05/25,1.28754
2022/05/24,1.27929
2022/05/23,1.27836
2022/05/20,1.27881
2022/05/19,1.28171
2022/05/18,1.28176
2022/05/17,1.28233
2022/05/16,1.29275
2022/05/13,1.30043
2022/05/12,1.30371
2022/05/11,1.29679
2022/05/10,1.29875
2022/05/09,1.2933
2022/05/06,1.28288
2022/05/05,1.27583
2022/05/04,1.28174
2022/05/03,1.28552
2022/05/02,1.28848
2022/04/29,1.27381
2022/04/28,1.28736
2022/04/27,1.28243
2022/04/26,1.27534
2022/04/25,1.27573
2022/04/22,1.26782
2022/04/21,1.2492
2022/04/20,1.25383
2022/04/19,1.26178
2022/04/14,1.25602
2022/04/13,1.26547
2022/04/12,1.2636
2022/04/11,1.26037
2022/04/08,1.25909
2022/04/07,1.2554
2022/04/06,1.24938
2022/04/05,1.24414
2022/04/04,1.24934
2022/04/01,1.2491
2022/03/31,1.25178
2022/03/30,1.24852
2022/03/29,1.25124
2022/03/28,1.2495
2022/03/25,1.25259
2022/03/24,1.25761
2022/03/23,1.2599
2022/03/22,1.25789
2022/03/21,1.2591
2022/03/18,1.26372
2022/03/17,1.26667
2022/03/16,1.27042
2022/03/15,1.28278
2022/03/14,1.27536
2022/03/11,1.27607
2022/03/10,1.28013
2022/03/09,1.28336
2022/03/08,1.28333
2022/03/07,1.27251
2022/03/04,1.27523
2022/03/03,1.26327
2022/03/02,1.2685
2022/03/01,1.26841
2022/02/28,1.27369
2022/02/25,1.27719
2022/02/24,1.28245
2022/02/23,1.26886
2022/02/22,1.27323
2022/02/21,1.27483
2022/02/18,1.27039
2022/02/17,1.26992
2022/02/16,1.26767
2022/02/15,1.27219
2022/02/14,1.27527
2022/02/11,1.26986
2022/02/10,1.26742
2022/02/09,1.26926
2022/02/08,1.27148
2022/02/07,1.27073
2022/02/04,1.27207
2022/02/03,1.27007
2022/02/02,1.26557
2022/02/01,1.26989
2022/01/31,1.27582
2022/01/28,1.27842
2022/01/27,1.26891
2022/01/26,1.25681
2022/01/25,1.26438
2022/01/24,1.2623
2022/01/21,1.25229
2022/01/20,1.24872
2022/01/19,1.24672
2022/01/18,1.25169
2022/01/17,1.25292
2022/01/14,1.25186
2022/01/13,1.24784
2022/01/12,1.25427
2022/01/11,1.26403
2022/01/10,1.26586
2022/01/07,1.27226
2022/01/06,1.27715
2022/01/05,1.27211
2022/01/04,1.27511
2022/01/03,1.26993
2021/12/31,1.27079
2021/12/30,1.27766
2021/12/29,1.28161
2021/12/28,1.27853
2021/12/27,1.28439
2021/12/24,1.28144
2021/12/23,1.28294
2021/12/22,1.29095
2021/12/21,1.29252
2021/12/20,1.29238
2021/12/17,1.28217
2021/12/16,1.2777
2021/12/15,1.28716
2021/12/14,1.28128
2021/12/13,1.27576
2021/12/10,1.27207
2021/12/09,1.26983
2021/12/08,1.26392
2021/12/07,1.2667
2021/12/06,1.27908
2021/12/03,1.28164
2021/12/02,1.28107
2021/12/01,1.27568
2021/11/30,1.27766
2021/11/29,1.27368
2021/11/26,1.27509
2021/11/25,1.26731
2021/11/24,1.26959
2021/11/23,1.27223
2021/11/22,1.26414
2021/11/19,1.26466
2021/11/18,1.26003
2021/11/17,1.25539
2021/11/16,1.25334
2021/11/15,1.25253
2021/11/12,1.25926
2021/11/11,1.2582
2021/11/10,1.24338
2021/11/09,1.24359
2021/11/08,1.24458
2021/11/05,1.24499
2021/11/04,1.24168
2021/11/03,1.24253
2021/11/02,1.24011
2021/11/01,1.23726
2021/10/29,1.23512
2021/10/28,1.23566
2021/10/27,1.24077
2021/10/26,1.2361
2021/10/25,1.23649
2021/10/22,1.2331
2021/10/21,1.23391
2021/10/20,1.23453
2021/10/19,1.23458
2021/10/18,1.23957
2021/10/15,1.23617
2021/10/14,1.2378
2021/10/13,1.24425
2021/10/12,1.24578
2021/10/11,1.24685
2021/10/08,1.25326
2021/10/07,1.258
2021/10/06,1.26278
2021/10/05,1.25944
2021/10/04,1.26057
2021/10/01,1.26707
2021/09/30,1.27386
2021/09/29,1.26935
2021/09/28,1.26529
2021/09/27,1.2662
2021/09/24,1.27101
2021/09/23,1.26761
2021/09/22,1.27863
2021/09/21,1.27747
2021/09/20,1.28563
2021/09/17,1.26596
2021/09/16,1.26354
2021/09/15,1.26894
2021/09/14,1.26553
2021/09/13,1.26749
2021/09/10,1.25994
2021/09/09,1.26727
2021/09/08,1.26676
2021/09/07,1.25936
2021/09/06,1.25447
2021/09/03,1.25329
2021/09/02,1.26152
2021/09/01,1.25912
2021/08/31,1.25875
2021/08/30,1.25981
2021/08/27,1.26809
2021/08/26,1.26098
2021/08/25,1.26338
2021/08/24,1.26252
2021/08/23,1.27249
2021/08/20,1.29115
2021/08/19,1.27556
2021/08/18,1.26188
2021/08/17,1.26098
2021/08/16,1.25569
2021/08/13,1.25151
2021/08/12,1.25173
2021/08/11,1.25252
2021/08/10,1.25653
2021/08/09,1.25389
2021/08/06,1.25036
2021/08/05,1.25038
2021/08/04,1.25453
2021/08/03,1.25149
2021/08/02,1.24651
2021/07/30,1.24388
2021/07/29,1.2472
2021/07/28,1.25688
2021/07/27,1.25648
2021/07/26,1.25596
2021/07/23,1.25673
2021/07/22,1.25512
2021/07/21,1.26843
2021/07/20,1.27584
2021/07/19,1.27724
2021/07/16,1.25877
2021/07/15,1.25396
2021/07/14,1.24721
2021/07/13,1.24806
2021/07/12,1.24983
2021/07/09,1.24954
2021/07/08,1.25807
2021/07/07,1.24317
2021/07/06,1.2367
2021/07/05,1.23622
2021/07/02,1.24139
2021/07/01,1.23679
2021/06/30,1.23881
2021/06/29,1.23705
2021/06/28,1.23317
2021/06/25,1.22979
2021/06/24,1.22973
2021/06/23,1.22726
2021/06/22,1.2381
2021/06/21,1.24111
2021/06/18,1.23727
2021/06/17,1.23297
2021/06/16,1.21775
2021/06/15,1.21886
2021/06/14,1.21673
2021/06/11,1.2113
2021/06/10,1.21069
2021/06/09,1.20779
2021/06/08,1.20719
2021/06/07,1.20712
2021/06/04,1.21152
2021/06/03,1.20702
2021/06/02,1.20671
2021/06/01,1.20311
2021/05/31,1.20703
2021/05/28,1.21158
2021/05/27,1.20889
2021/05/26,1.20893
2021/05/25,1.20336
2021/05/24,1.20627
2021/05/21,1.20446
2021/05/20,1.21101
2021/05/19,1.20758
2021/05/18,1.20218
2021/05/17,1.21222
2021/05/14,1.21257
2021/05/13,1.21389
2021/05/12,1.20837
2021/05/11,1.21027
2021/05/10,1.21152
2021/05/07,1.21809
2021/05/06,1.22421
2021/05/05,1.22707
2021/05/04,1.23417
2021/05/03,1.22941
2021/04/30,1.22778
2021/04/29,1.22863
2021/04/28,1.23902
2021/04/27,1.23966
2021/04/26,1.24369
2021/04/23,1.2483
2021/04/22,1.25079
2021/04/21,1.26068
2021/04/20,1.2521
2021/04/19,1.24952
2021/04/16,1.25029
2021/04/15,1.24937
2021/04/14,1.25593
2021/04/13,1.26143
2021/04/12,1.25428
2021/04/09,1.25757
2021/04/08,1.25891
2021/04/07,1.26069
2021/04/06,1.25635
2021/04/01,1.2589
2021/03/31,1.26072
2021/03/30,1.26173
2021/03/29,1.25874
2021/03/26,1.25734
2021/03/25,1.25818
2021/03/24,1.25869
2021/03/23,1.25709
2021/03/22,1.24962
2021/03/19,1.25111
2021/03/18,1.24446
2021/03/17,1.24733
2021/03/16,1.2466
2021/03/15,1.24782
2021/03/12,1.25492
2021/03/11,1.2575
2021/03/10,1.2648
2021/03/09,1.2603
2021/03/08,1.26707
2021/03/05,1.26989
2021/03/04,1.26417
2021/03/03,1.26444
2021/03/02,1.2658
2021/03/01,1.26724
2021/02/26,1.26483
2021/02/25,1.24802
2021/02/24,1.25687
2021/02/23,1.26155
2021/02/22,1.26333
2021/02/19,1.26098
2021/02/18,1.26672
2021/02/17,1.26899
2021/02/16,1.26534
2021/02/15,1.26523
2021/02/12,1.27337
2021/02/11,1.26649
2021/02/10,1.2694
2021/02/09,1.27346
2021/02/08,1.27759
2021/02/05,1.28048
2021/01/28,1.28724
2021/01/27,1.27563
2021/01/26,1.27184
2021/01/25,1.27214
2021/01/22,1.27143
2021/01/21,1.26213
2021/01/20,1.27089
2021/01/19,1.2725
2021/01/18,1.2776
2021/01/15,1.27138
2021/01/14,1.26864
2021/01/13,1.27297
2021/01/12,1.27539
2021/01/11,1.27855
2021/01/08,1.26882
2021/01/07,1.27085
2021/01/06,1.26763
2021/01/05,1.27545
2021/01/04,1.27041
2020/12/31,1.27398
2020/12/30,1.27848
2020/12/29,1.28175
2020/12/28,1.283
2020/12/24,1.28402
2020/12/23,1.2881
2020/12/22,1.28711
2020/12/21,1.28859
2020/12/18,1.27563
2020/12/17,1.26948
2020/12/16,1.27582
2020/12/15,1.27455
2020/12/14,1.27249
2020/12/11,1.27707
2020/12/10,1.27577
2020/12/09,1.27773
2020/12/08,1.28017
2020/12/07,1.28109
2020/12/04,1.28571
2020/12/03,1.29142
2020/12/02,1.29446
2020/12/01,1.29696
2020/11/30,1.29516
2020/11/27,1.29987
2020/11/26,1.30017
2020/11/25,1.30177
2020/11/24,1.3067
2020/11/23,1.30493
2020/11/20,1.30523
2020/11/19,1.31009
2020/11/18,1.30721
2020/11/17,1.30954
2020/11/16,1.3082
2020/11/13,1.31426
2020/11/12,1.30973
2020/11/11,1.3058
2020/11/10,1.30361
2020/11/09,1.29496
2020/11/06,1.30792
2020/11/05,1.30561
2020/11/04,1.31482
2020/11/03,1.31473
2020/11/02,1.32733
2020/10/30,1.3298
2020/10/29,1.33783
2020/10/28,1.32839
2020/10/27,1.31753
2020/10/26,1.31822
2020/10/23,1.31267
2020/10/22,1.31622
2020/10/21,1.31261
2020/10/20,1.31897
2020/10/19,1.31718
2020/10/16,1.3199
2020/10/15,1.321
2020/10/14,1.31336
2020/10/13,1.31077
2020/10/12,1.31308
2020/10/09,1.31768
2020/10/08,1.32452
2020/10/07,1.3288
2020/10/06,1.32514
2020/10/05,1.32682
2020/10/02,1.33018
2020/10/01,1.3288
2020/09/30,1.33891
2020/09/29,1.33781
2020/09/28,1.33847
2020/09/25,1.33746
2020/09/24,1.33963
2020/09/23,1.33373
2020/09/22,1.33143
2020/09/21,1.32383
2020/09/18,1.31843
2020/09/17,1.31957
2020/09/16,1.31671
2020/09/15,1.31467
2020/09/14,1.31703
2020/09/11,1.31787
2020/09/10,1.31539
2020/09/09,1.32192
2020/09/08,1.31718
2020/09/07,1.30954
2020/09/04,1.30958
2020/09/03,1.31135
2020/09/02,1.30638
2020/09/01,1.30141
2020/08/31,1.30662
2020/08/28,1.30533
2020/08/27,1.31467
2020/08/26,1.31843
2020/08/25,1.32021
2020/08/24,1.31459
2020/08/21,1.32237
2020/08/20,1.32101
2020/08/19,1.31467
2020/08/18,1.31631
2020/08/17,1.32321
2020/08/14,1.32473
2020/08/13,1.32147
2020/08/12,1.32903
2020/08/11,1.32869
2020/08/10,1.33801
2020/08/07,1.33452
2020/08/06,1.32973
2020/08/05,1.3247
2020/08/04,1.34067
2020/08/03,1.3436
2020/07/31,1.34183
2020/07/30,1.34301
2020/07/29,1.33603
2020/07/28,1.33934
2020/07/27,1.3375
2020/07/24,1.34201
2020/07/23,1.33858
2020/07/22,1.3422
2020/07/21,1.34571
2020/07/20,1.35674
2020/07/17,1.35719
2020/07/16,1.35378
2020/07/15,1.35678
2020/07/14,1.36158
2020/07/13,1.35634
2020/07/10,1.36006
2020/07/09,1.3502
2020/07/08,1.35903
2020/07/07,1.35669
2020/07/06,1.35391
2020/07/03,1.35718
2020/07/02,1.35947
2020/07/01,1.35866
2020/06/30,1.36846
2020/06/29,1.36556
2020/06/26,1.36609
2020/06/25,1.36446
2020/06/24,1.35913
2020/06/23,1.34909
2020/06/22,1.35646
2020/06/19,1.35674
2020/06/18,1.35609
2020/06/17,1.35363
2020/06/16,1.35479
2020/06/15,1.36337
2020/06/12,1.35766
2020/06/11,1.35011
2020/06/10,1.33873
2020/06/09,1.3447
2020/06/08,1.34036
2020/06/05,1.34484
2020/06/04,1.35138
2020/06/03,1.35546
2020/06/02,1.35189
2020/06/01,1.36992
2020/05/29,1.37213
2020/05/28,1.37573
2020/05/27,1.37622
2020/05/26,1.38351
2020/05/25,1.39881
2020/05/22,1.40068
2020/05/21,1.39182
2020/05/20,1.38812
2020/05/19,1.39279
2020/05/18,1.40343
2020/05/15,1.41054
2020/05/14,1.41067
2020/05/13,1.40166
2020/05/12,1.39786
2020/05/11,1.39837
2020/05/08,1.39426
2020/05/07,1.40749
2020/05/06,1.40881
2020/05/05,1.40192
2020/05/04,1.40651
2020/04/30,1.38626
2020/04/29,1.39541
2020/04/28,1.39551
2020/04/27,1.40573
2020/04/24,1.40491
2020/04/23,1.41348
2020/04/22,1.41483
2020/04/21,1.42041
2020/04/20,1.41114
2020/04/17,1.407
2020/04/16,1.41064
2020/04/15,1.40604
2020/04/14,1.39168
2020/04/09,1.40471
2020/04/08,1.40125
2020/04/07,1.40184
2020/04/06,1.41599
2020/04/03,1.41854
2020/04/02,1.41674
2020/04/01,1.42657
2020/03/31,1.42543
2020/03/30,1.41617
2020/03/27,1.41396
2020/03/26,1.40843
2020/03/25,1.43521
2020/03/24,1.44941
2020/03/23,1.43838
2020/03/20,1.42496
2020/03/19,1.44644
2020/03/18,1.44037
2020/03/17,1.41249
2020/03/16,1.39276
2020/03/13,1.3859
2020/03/12,1.38114
2020/03/11,1.37429
2020/03/10,1.36778
2020/03/09,1.36287
2020/03/06,1.34201
2020/03/05,1.34272
2020/03/04,1.33591
2020/03/03,1.33642
2020/03/02,1.33582
2020/02/28,1.34436
2020/02/27,1.33491
2020/02/26,1.33048
2020/02/25,1.32869
2020/02/24,1.32853
2020/02/21,1.3258
2020/02/18,1.32628
2020/02/17,1.32293
2020/02/14,1.32476
2020/02/12,1.32564
2020/02/11,1.32969
2020/02/10,1.33139
2020/02/07,1.33139
2020/02/06,1.32782
2020/02/05,1.32849
2020/02/04,1.32793
2020/02/03,1.3236
2020/01/31,1.32347
2020/01/30,1.3217
2020/01/29,1.3177
2020/01/28,1.31904
2020/01/27,1.31873
2020/01/24,1.31319
2020/01/23,1.31629
2020/01/22,1.30456
2020/01/21,1.30562
2020/01/20,1.3069
2020/01/17,1.30519
2020/01/16,1.30352
2020/01/15,1.30722
2020/01/14,1.30706
2020/01/13,1.30451
2020/01/10,1.30719
2020/01/09,1.30558
2020/01/08,1.30184
2020/01/07,1.29968
2020/01/06,1.29757
2020/01/03,1.2982
2020/01/02,1.29983
2019/12/31,1.29945
2019/12/30,1.30673
2019/12/27,1.30835
2019/12/24,1.31606
2019/12/23,1.31621
2019/12/20,1.31378
2019/12/19,1.31222
2019/12/18,1.3157
2019/12/17,1.31607
2019/12/16,1.31177
2019/12/13,1.31663
2019/12/12,1.31777
2019/12/11,1.32379
2019/12/10,1.324
2019/12/09,1.32506
2019/12/06,1.31765
2019/12/05,1.31693
2019/12/04,1.32723
2019/12/03,1.33204
2019/12/02,1.32958
2019/11/29,1.33072
2019/11/28,1.32894
2019/11/27,1.32664
2019/11/26,1.33058
2019/11/25,1.33067
2019/11/22,1.32746
2019/11/21,1.33072
2019/11/20,1.33023
2019/11/19,1.32103
2019/11/18,1.32194
2019/11/15,1.32391
2019/11/14,1.32654
2019/11/13,1.32582
2019/11/12,1.32438
2019/11/11,1.32298
2019/11/08,1.31965
2019/11/07,1.31669
2019/11/06,1.31641
2019/11/05,1.31281
2019/11/04,1.31565
2019/11/01,1.31807
2019/10/31,1.31549
2019/10/30,1.30866
2019/10/29,1.30563
2019/10/28,1.30667
2019/10/25,1.30647
2019/10/24,1.30706
2019/10/23,1.30882
2019/10/22,1.31006
2019/10/21,1.31057
2019/10/18,1.31362
2019/10/17,1.31774
2019/10/16,1.32091
2019/10/15,1.32298
2019/10/14,1.32137
2019/10/11,1.32926
2019/10/10,1.33073
2019/10/09,1.33021
2019/10/08,1.33106
2019/10/07,1.33112
2019/10/04,1.3309
2019/10/03,1.33376
2019/10/02,1.32421
2019/10/01,1.3274
2019/09/30,1.32482
2019/09/27,1.32538
2019/09/26,1.32401
2019/09/25,1.32763
2019/09/24,1.32564
2019/09/23,1.32781
2019/09/20,1.32693
2019/09/19,1.32701
2019/09/18,1.32498
2019/09/17,1.32596
2019/09/16,1.32527
2019/09/13,1.32147
2019/09/12,1.31971
2019/09/11,1.31491
2019/09/10,1.31667
2019/09/09,1.3156
2019/09/06,1.32248
2019/09/05,1.32049
2019/09/04,1.33227
2019/09/03,1.33739
2019/09/02,1.33406
2019/08/30,1.3282
2019/08/29,1.32758
2019/08/28,1.33123
2019/08/27,1.32286
2019/08/26,1.33033
2019/08/23,1.33222
2019/08/22,1.32834
2019/08/21,1.32934
2019/08/20,1.33279
2019/08/19,1.32658
2019/08/16,1.3299
2019/08/15,1.33103
2019/08/14,1.32928
2019/08/13,1.32677
2019/08/12,1.32276
2019/08/09,1.32131
2019/08/08,1.32887
2019/08/07,1.33191
2019/08/06,1.32162
2019/08/05,1.32132
2019/08/02,1.32343
2019/08/01,1.323
2019/07/31,1.31486
2019/07/30,1.31711
2019/07/29,1.31711
2019/07/26,1.31801
2019/07/25,1.31273
2019/07/24,1.31302
2019/07/23,1.31487
2019/07/22,1.30762
2019/07/19,1.30545
2019/07/18,1.30617
2019/07/17,1.30664
2019/07/16,1.30473
2019/07/15,1.30304
2019/07/12,1.30339
2019/07/11,1.30572
2019/07/10,1.31132
2019/07/09,1.31245
2019/07/08,1.30557
2019/07/05,1.30657
2019/07/04,1.30661
2019/07/03,1.31002
2019/07/02,1.3113
2019/07/01,1.3099
2019/06/28,1.3087
2019/06/27,1.31293
2019/06/26,1.31553
2019/06/25,1.31726
2019/06/24,1.31912
2019/06/21,1.31919
2019/06/20,1.31653
2019/06/19,1.33756
2019/06/18,1.34227
2019/06/17,1.34137
2019/06/14,1.33316
2019/06/13,1.33059
2019/06/12,1.32995
2019/06/11,1.32527
2019/06/10,1.32767
2019/06/07,1.33602
2019/06/06,1.33996
2019/06/05,1.33872
2019/06/04,1.34392
2019/06/03,1.34984
2019/05/31,1.35548
2019/05/30,1.34983
2019/05/29,1.35039
2019/05/28,1.34659
2019/05/27,1.34497
2019/05/24,1.34558
2019/05/23,1.34662
2019/05/22,1.33847
2019/05/21,1.34092
2019/05/20,1.34324
2019/05/17,1.34927
2019/05/16,1.34241
2019/05/15,1.34803
2019/05/14,1.34661
2019/05/13,1.34433
2019/05/10,1.34746
2019/05/09,1.34843
2019/05/08,1.34565
2019/05/07,1.34689
2019/05/06,1.34789
2019/05/03,1.34639
2019/05/02,1.34356
2019/04/30,1.34382
2019/04/29,1.3478
2019/04/26,1.34914
2019/04/25,1.35062
2019/04/24,1.34517
2019/04/23,1.339
2019/04/18,1.33911
2019/04/17,1.33351
2019/04/16,1.33658
2019/04/15,1.33121
2019/04/12,1.33221
2019/04/11,1.33762
2019/04/10,1.33274
2019/04/09,1.32872
2019/04/08,1.33754
2019/04/05,1.33802
2019/04/04,1.33586
2019/04/03,1.33096
2019/04/02,1.33205
2019/04/01,1.33553
2019/03/29,1.33511
2019/03/28,1.34302
2019/03/27,1.341
2019/03/26,1.34018
2019/03/25,1.34252
2019/03/22,1.34091
2019/03/21,1.33389
2019/03/20,1.33213
2019/03/19,1.32594
2019/03/18,1.33351
2019/03/15,1.33693
2019/03/14,1.33457
2019/03/13,1.33478
2019/03/12,1.34022
2019/03/11,1.34232
2019/03/08,1.34548
2019/03/07,1.34247
2019/03/06,1.33817
2019/03/05,1.33427
2019/03/04,1.33122
2019/03/01,1.31521
2019/02/28,1.31762
2019/02/27,1.31407
2019/02/26,1.32242
2019/02/25,1.31431
2019/02/22,1.32238
2019/02/21,1.3168
2019/02/20,1.31864
2019/02/19,1.32469
2019/02/18,1.32345
2019/02/15,1.32851
2019/02/14,1.32668
2019/02/13,1.32437
2019/02/12,1.32516
2019/02/11,1.32682
2019/02/08,1.33069
2019/02/07,1.32658
2019/02/06,1.31824
2019/02/05,1.31279
2019/02/04,1.31158
2019/02/01,1.31418
2019/01/31,1.3152
2019/01/30,1.32216
2019/01/29,1.32569
2019/01/28,1.32379
2019/01/25,1.33148
2019/01/24,1.33674
2019/01/23,1.33122
2019/01/22,1.33239
2019/01/21,1.33049
2019/01/18,1.32731
2019/01/17,1.32968
2019/01/16,1.32593
2019/01/15,1.32651
2019/01/14,1.32781
2019/01/11,1.32203
2019/01/10,1.32215
2019/01/09,1.32449
2019/01/08,1.32937
2019/01/07,1.33517
2019/01/04,1.34421
2019/01/03,1.35636
2019/01/02,1.36413
2018/12/31,1.36288
2018/12/28,1.36214
2018/12/27,1.3624
2018/12/24,1.35922
2018/12/21,1.35439
2018/12/20,1.34696
2018/12/19,1.34432
2018/12/18,1.34034
2018/12/17,1.3393
2018/12/14,1.33762
2018/12/13,1.33612
2018/12/12,1.33704
2018/12/11,1.33922
2018/12/10,1.33199
2018/12/07,1.33937
2018/12/06,1.34164
2018/12/05,1.32781
2018/12/04,1.31747
2018/12/03,1.3176
2018/11/30,1.33075
2018/11/29,1.32757
2018/11/28,1.33251
2018/11/27,1.32574
2018/11/26,1.32104
2018/11/23,1.32303
2018/11/22,1.32193
2018/11/21,1.32737
2018/11/20,1.31959
2018/11/19,1.31749
2018/11/16,1.31809
2018/11/15,1.32234
2018/11/14,1.32233
2018/11/13,1.32209
2018/11/12,1.32028
2018/11/09,1.31932
2018/11/08,1.31057
2018/11/07,1.30748
2018/11/06,1.31222
2018/11/05,1.30932
2018/11/02,1.30998
2018/11/01,1.30817
2018/10/31,1.3126
2018/10/30,1.31384
2018/10/29,1.31069
2018/10/26,1.31476
2018/10/25,1.30457
2018/10/24,1.30828
2018/10/23,1.31094
2018/10/22,1.30886
2018/10/19,1.30314
2018/10/18,1.30456
2018/10/17,1.29722
2018/10/16,1.29542
2018/10/15,1.30256
2018/10/12,1.30067
2018/10/11,1.30471
2018/10/10,1.29626
2018/10/09,1.29961
2018/10/08,1.29944
2018/10/05,1.29167
2018/10/04,1.28673
2018/10/03,1.28334
2018/10/02,1.28173
2018/10/01,1.28098
2018/09/28,1.30131
2018/09/27,1.307
2018/09/26,1.29624
2018/09/25,1.29592
2018/09/24,1.29372
2018/09/21,1.29237
2018/09/20,1.28932
2018/09/19,1.29733
2018/09/18,1.30264
2018/09/17,1.30177
2018/09/14,1.30088
2018/09/13,1.30052
2018/09/12,1.3066
2018/09/11,1.31597
2018/09/10,1.31951
2018/09/07,1.31192
2018/09/06,1.31838
2018/09/05,1.31782
2018/09/04,1.31759
2018/09/03,1.30718
2018/08/31,1.30392
2018/08/30,1.29294
2018/08/29,1.29443
2018/08/28,1.29189
2018/08/27,1.30508
2018/08/24,1.30678
2018/08/23,1.30313
2018/08/22,1.30217
2018/08/21,1.30221
2018/08/20,1.30709
2018/08/17,1.31472
2018/08/16,1.31416
2018/08/15,1.31022
2018/08/14,1.30712
2018/08/13,1.31509
2018/08/10,1.30953
2018/08/09,1.30346
2018/08/08,1.30796
2018/08/07,1.29693
2018/08/06,1.30226
2018/08/03,1.30178
2018/08/02,1.30361
2018/08/01,1.30224
2018/07/31,1.30351
2018/07/30,1.30478
2018/07/27,1.30692
2018/07/26,1.3048
2018/07/25,1.31232
2018/07/24,1.31497
2018/07/23,1.31333
2018/07/20,1.32331
2018/07/19,1.32473
2018/07/18,1.32538
2018/07/17,1.31571
2018/07/16,1.31391
2018/07/13,1.31908
2018/07/12,1.31832
2018/07/11,1.3141
2018/07/10,1.31324
2018/07/09,1.30757
2018/07/06,1.31329
2018/07/05,1.31301
2018/07/04,1.31472
2018/07/03,1.31539
2018/07/02,1.31815
2018/06/29,1.32458
2018/06/28,1.32936
2018/06/27,1.32946
2018/06/26,1.33216
2018/06/25,1.32838
2018/06/22,1.32718
2018/06/21,1.33307
2018/06/20,1.32994
2018/06/19,1.32816
2018/06/18,1.31809
2018/06/15,1.31278
2018/06/14,1.2977
2018/06/13,1.30168
2018/06/12,1.3009
2018/06/11,1.30178
2018/06/08,1.29947
2018/06/07,1.29376
2018/06/06,1.28772
2018/06/05,1.29833
2018/06/04,1.29062
2018/06/01,1.29763
2018/05/31,1.28541
2018/05/30,1.29754
2018/05/29,1.30282
2018/05/28,1.29801
2018/05/25,1.29559
2018/05/24,1.28845
2018/05/23,1.29049
2018/05/22,1.27743
2018/05/21,1.28744
2018/05/18,1.27952
2018/05/17,1.27717
2018/05/16,1.28658
2018/05/15,1.2836
2018/05/14,1.27636
2018/05/11,1.27342
2018/05/10,1.27732
2018/05/09,1.2879
2018/05/08,1.29722
2018/05/07,1.28869
2018/05/04,1.28749
2018/05/03,1.28452
2018/05/02,1.28267
2018/04/30,1.2867
2018/04/27,1.28824
2018/04/26,1.28353
2018/04/25,1.2888
2018/04/24,1.2824
2018/04/23,1.27872
2018/04/20,1.26387
2018/04/19,1.26038
2018/04/18,1.25702
2018/04/17,1.25524
2018/04/16,1.26079
2018/04/13,1.25696
2018/04/12,1.25919
2018/04/11,1.26171
2018/04/10,1.26567
2018/04/09,1.27812
2018/04/06,1.27922
2018/04/05,1.27724
2018/04/04,1.28348
2018/04/03,1.28518
2018/03/29,1.29007
2018/03/28,1.28843
2018/03/27,1.2887
2018/03/26,1.28894
2018/03/23,1.28527
2018/03/22,1.29011
2018/03/21,1.29798
2018/03/20,1.30661
2018/03/19,1.30839
2018/03/16,1.30778
2018/03/15,1.29852
2018/03/14,1.29299
2018/03/13,1.28373
2018/03/12,1.28288
2018/03/09,1.2894
2018/03/08,1.29168
2018/03/07,1.29307
2018/03/06,1.28861
2018/03/05,1.29309
2018/03/02,1.28801
2018/03/01,1.28617
2018/02/28,1.27788
2018/02/27,1.27201
2018/02/26,1.26761
2018/02/23,1.26953
2018/02/22,1.26988
2018/02/21,1.26714
2018/02/20,1.26037
2018/02/19,1.25641
2018/02/16,1.25056
2018/02/15,1.24902
2018/02/14,1.25753
2018/02/13,1.26036
2018/02/12,1.25801
2018/02/09,1.2609
2018/02/08,1.2571
2018/02/07,1.25182
2018/02/06,1.25623
2018/02/05,1.24341
2018/02/02,1.23175
2018/02/01,1.23188
2018/01/31,1.22742
2018/01/30,1.23211
2018/01/29,1.23346
2018/01/26,1.23231
2018/01/25,1.23229
2018/01/24,1.23292
2018/01/23,1.24818
2018/01/22,1.24765
2018/01/19,1.24406
2018/01/18,1.24471
2018/01/17,1.24437
2018/01/16,1.24235
2018/01/15,1.24322
2018/01/12,1.25187
2018/01/11,1.25597
2018/01/10,1.24508
2018/01/09,1.24254
2018/01/08,1.2428
2018/01/05,1.25098
2018/01/04,1.25271
2018/01/03,1.25152
2018/01/02,1.25387
2017/12/29,1.25398
2017/12/28,1.26102
2017/12/27,1.26339
2017/12/22,1.27031
2017/12/21,1.28038
2017/12/20,1.28501
2017/12/19,1.28622
2017/12/18,1.28741
2017/12/15,1.27647
2017/12/14,1.2829
2017/12/13,1.28596
2017/12/12,1.28319
2017/12/11,1.28586
2017/12/08,1.2836
2017/12/07,1.28381
2017/12/06,1.26623
2017/12/05,1.26327
2017/12/04,1.26709
2017/12/01,1.28742
2017/11/30,1.28846
2017/11/29,1.28317
2017/11/28,1.27927
2017/11/27,1.26807
2017/11/24,1.27078
2017/11/23,1.26806
2017/11/22,1.27407
2017/11/21,1.28059
2017/11/20,1.27884
2017/11/17,1.27622
2017/11/16,1.27644
2017/11/15,1.27559
2017/11/14,1.27143
2017/11/13,1.2705
2017/11/10,1.26703
2017/11/09,1.27077
2017/11/08,1.27291
2017/11/07,1.27668
2017/11/06,1.27584
2017/11/03,1.2722
2017/11/02,1.28467
2017/11/01,1.29056
2017/10/31,1.28922
2017/10/30,1.28471
2017/10/27,1.28919
2017/10/26,1.27976
2017/10/25,1.26966
2017/10/24,1.26477
2017/10/23,1.26363
2017/10/20,1.24937
2017/10/19,1.24582
2017/10/18,1.25287
2017/10/17,1.25359
2017/10/16,1.25392
2017/10/13,1.24987
2017/10/12,1.24705
2017/10/11,1.25089
2017/10/10,1.24989
2017/10/09,1.25413
2017/10/06,1.25745
2017/10/05,1.24808
2017/10/04,1.24527
2017/10/03,1.25006
2017/10/02,1.25111
2017/09/29,1.24403
2017/09/28,1.24673
2017/09/27,1.23959
2017/09/26,1.23908
2017/09/25,1.23283
2017/09/22,1.2269
2017/09/21,1.23578
2017/09/20,1.22437
2017/09/19,1.22903
2017/09/18,1.22037
2017/09/15,1.21374
2017/09/14,1.22011
2017/09/13,1.21396
2017/09/12,1.21319
2017/09/11,1.21205
2017/09/08,1.20871
2017/09/07,1.21853
2017/09/06,1.23938
2017/09/05,1.23902
2017/09/04,1.24099
2017/09/01,1.24413
2017/08/31,1.26596
2017/08/30,1.25554
2017/08/29,1.24809
2017/08/28,1.24662
2017/08/25,1.25076
2017/08/24,1.25224
2017/08/23,1.25841
2017/08/22,1.25784
2017/08/21,1.25967
2017/08/18,1.26567
2017/08/17,1.26246
2017/08/16,1.2731
2017/08/15,1.27384
2017/08/14,1.26939
2017/08/11,1.27123
2017/08/10,1.27199
2017/08/09,1.26801
2017/08/08,1.26621
2017/08/07,1.26803
2017/08/04,1.25716
2017/08/03,1.26062
2017/08/02,1.25463
2017/08/01,1.24763
2017/07/31,1.24712
2017/07/28,1.25433
2017/07/27,1.24876
2017/07/26,1.2518
2017/07/25,1.24919
2017/07/24,1.25206
2017/07/21,1.25958
2017/07/20,1.26138
2017/07/19,1.26073
2017/07/18,1.25902
2017/07/17,1.26522
2017/07/14,1.27236
2017/07/13,1.27564
2017/07/12,1.29339
2017/07/11,1.29049
2017/07/10,1.29121
2017/07/07,1.29741
2017/07/06,1.29363
2017/07/05,1.29597
2017/07/04,1.29745
2017/07/03,1.29783
2017/06/30,1.29557
2017/06/29,1.30264
2017/06/28,1.30884
2017/06/27,1.32071
2017/06/26,1.32404
2017/06/23,1.3231
2017/06/22,1.32984
2017/06/21,1.32798
2017/06/20,1.32772
2017/06/19,1.32396
2017/06/16,1.32229
2017/06/15,1.32778
2017/06/14,1.32072
2017/06/13,1.32763
2017/06/12,1.34373
2017/06/09,1.35093
2017/06/08,1.35141
2017/06/07,1.34483
2017/06/06,1.34749
2017/06/05,1.34892
2017/06/02,1.35232
2017/06/01,1.35083
2017/05/31,1.3464
2017/05/30,1.34682
2017/05/29,1.34546
2017/05/26,1.34664
2017/05/25,1.34323
2017/05/24,1.34986
2017/05/23,1.34677
2017/05/22,1.34964
2017/05/19,1.35692
2017/05/18,1.36427
2017/05/17,1.36152
2017/05/16,1.36161
2017/05/15,1.36083
2017/05/12,1.37376
2017/05/11,1.37256
2017/05/10,1.36969
2017/05/09,1.37041
2017/05/08,1.37009
2017/05/05,1.37706
2017/05/04,1.37366
2017/05/03,1.37284
2017/05/02,1.36766
2017/04/28,1.3645
2017/04/27,1.35861
2017/04/26,1.35794
2017/04/25,1.358
2017/04/24,1.3431
2017/04/21,1.34726
2017/04/20,1.34891
2017/04/19,1.34406
2017/04/18,1.33617
2017/04/13,1.32352
2017/04/12,1.33088
2017/04/11,1.33186
2017/04/10,1.33815
2017/04/07,1.34111
2017/04/06,1.34277
2017/04/05,1.33836
2017/04/04,1.34447
2017/04/03,1.33468
2017/03/31,1.3343
2017/03/30,1.33371
2017/03/29,1.33792
2017/03/28,1.33953
2017/03/27,1.33493
2017/03/24,1.33716
2017/03/23,1.33386
2017/03/22,1.33784
2017/03/21,1.32837
2017/03/20,1.33547
2017/03/17,1.33147
2017/03/16,1.33106
2017/03/15,1.34542
2017/03/14,1.3487
2017/03/13,1.34578
2017/03/10,1.35037
2017/03/09,1.35267
2017/03/08,1.34454
2017/03/07,1.34181
2017/03/06,1.33903
2017/03/03,1.34037
2017/03/02,1.33812
2017/03/01,1.33333
2017/02/28,1.31962
2017/02/27,1.31189
2017/02/24,1.31087
2017/02/23,1.31164
2017/02/22,1.31685
2017/02/21,1.31347
2017/02/20,1.31104
2017/02/17,1.30789
2017/02/16,1.30163
2017/02/15,1.30829
2017/02/14,1.30302
2017/02/13,1.30934
2017/02/10,1.31386
2017/02/09,1.31089
2017/02/08,1.31458
2017/02/07,1.31822
2017/02/06,1.30573
2017/02/03,1.30556
2017/02/02,1.29996
2017/02/01,1.30649
2017/01/31,1.30693
2017/01/30,1.31543
2017/01/27,1.31186
2017/01/26,1.3129
2017/01/25,1.30969
2017/01/24,1.32741
2017/01/23,1.3314
2017/01/20,1.33719
2017/01/19,1.32818
2017/01/18,1.31152
2017/01/17,1.30597
2017/01/16,1.31461
2017/01/13,1.31414
2017/01/12,1.30574
2017/01/11,1.32524
2017/01/10,1.32412
2017/01/09,1.32693
2017/01/06,1.32581
2017/01/05,1.32997
2017/01/04,1.33123
2017/01/03,1.34444
2017/01/02,1.34448
2016/12/30,1.34598
2016/12/29,1.35406
2016/12/28,1.35747
2016/12/27,1.35337
2016/12/23,1.35143
2016/12/22,1.3468
2016/12/21,1.33692
2016/12/20,1.3408
2016/12/19,1.33823
2016/12/16,1.33729
2016/12/15,1.33429
2016/12/14,1.31163
2016/12/13,1.31206
2016/12/12,1.31351
2016/12/09,1.31774
2016/12/08,1.3215
2016/12/07,1.32731
2016/12/06,1.32681
2016/12/05,1.33059
2016/12/02,1.3303
2016/12/01,1.33998
2016/11/30,1.33832
2016/11/29,1.34569
2016/11/28,1.34511
2016/11/25,1.34913
2016/11/24,1.34926
2016/11/23,1.34503
2016/11/22,1.3403
2016/11/21,1.34588
2016/11/18,1.35149
2016/11/17,1.34263
2016/11/16,1.34788
2016/11/15,1.35253
2016/11/14,1.35381
2016/11/11,1.34914
2016/11/10,1.34823
2016/11/09,1.34259
2016/11/08,1.33684
2016/11/07,1.33909
2016/11/04,1.34328
2016/11/03,1.33894
2016/11/02,1.33754
2016/11/01,1.33605
2016/10/31,1.33976
2016/10/28,1.33886
2016/10/27,1.3366
2016/10/26,1.33657
2016/10/25,1.33168
2016/10/24,1.33569
2016/10/21,1.32289
2016/10/20,1.31694
2016/10/19,1.30804
2016/10/18,1.30829
2016/10/17,1.31281
2016/10/14,1.31658
2016/10/13,1.32452
2016/10/12,1.32468
2016/10/11,1.32259
2016/10/10,1.32527
2016/10/07,1.32711
2016/10/06,1.32043
2016/10/05,1.32156
2016/10/04,1.31682
2016/10/03,1.30847
2016/09/30,1.31619
2016/09/29,1.30853
2016/09/28,1.32107
2016/09/27,1.32558
2016/09/26,1.31637
2016/09/23,1.30417
2016/09/22,1.30121
2016/09/21,1.31417
2016/09/20,1.3226
2016/09/19,1.31518
2016/09/16,1.31988
2016/09/15,1.31784
2016/09/14,1.31922
2016/09/13,1.31093
2016/09/12,1.31142
2016/09/09,1.2957
2016/09/08,1.28771
2016/09/07,1.2854
2016/09/06,1.29089
2016/09/05,1.29401
2016/09/02,1.30823
2016/09/01,1.31294
2016/08/31,1.31001
2016/08/30,1.3039
2016/08/29,1.30134
2016/08/26,1.2884
2016/08/25,1.29291
2016/08/24,1.29402
2016/08/23,1.2898
2016/08/22,1.29153
2016/08/19,1.28439
2016/08/18,1.28293
2016/08/17,1.28849
2016/08/16,1.28172
2016/08/15,1.29213
2016/08/12,1.29754
2016/08/11,1.30539
2016/08/10,1.30159
2016/08/09,1.31495
2016/08/08,1.31442
2016/08/05,1.30235
2016/08/04,1.30532
2016/08/03,1.31
2016/08/02,1.3051
2016/08/01,1.30661
2016/07/29,1.31765
2016/07/28,1.31605
2016/07/27,1.31899
2016/07/26,1.32336
2016/07/25,1.31716
2016/07/22,1.3107
2016/07/21,1.30513
2016/07/20,1.30591
2016/07/19,1.30168
2016/07/18,1.29512
2016/07/15,1.28657
2016/07/14,1.29264
2016/07/13,1.30527
2016/07/12,1.30292
2016/07/11,1.30663
2016/07/08,1.30136
2016/07/07,1.29314
2016/07/06,1.30265
2016/07/05,1.29356
2016/07/04,1.28641
2016/07/01,1.29232
2016/06/30,1.29562
2016/06/29,1.2991
2016/06/28,1.30389
2016/06/27,1.30478
2016/06/24,1.30056
2016/06/23,1.27465
2016/06/22,1.27617
2016/06/21,1.27727
2016/06/20,1.28133
2016/06/17,1.29012
2016/06/16,1.30034
2016/06/15,1.28566
2016/06/14,1.28722
2016/06/13,1.27707
2016/06/10,1.27477
2016/06/09,1.27471
2016/06/08,1.26824
2016/06/07,1.2782
2016/06/06,1.29218
2016/06/03,1.30841
2016/06/02,1.31051
2016/06/01,1.30535
2016/05/31,1.30267
2016/05/30,1.30389
2016/05/27,1.30372
2016/05/26,1.29325
2016/05/25,1.3106
2016/05/24,1.31483
2016/05/23,1.31476
2016/05/20,1.31063
2016/05/19,1.31098
2016/05/18,1.29772
2016/05/17,1.29272
2016/05/16,1.2923
2016/05/13,1.28824
2016/05/12,1.28141
2016/05/11,1.28723
2016/05/10,1.29618
2016/05/09,1.29381
2016/05/06,1.28791
2016/05/05,1.28202
2016/05/04,1.2751
2016/05/03,1.25845
2016/05/02,1.25189
2016/04/29,1.25283
2016/04/28,1.25568
2016/04/27,1.25834
2016/04/26,1.26482
2016/04/25,1.26829
2016/04/22,1.27337
2016/04/21,1.26341
2016/04/20,1.26733
2016/04/19,1.27109
2016/04/18,1.29241
2016/04/15,1.28811
2016/04/14,1.28279
2016/04/13,1.2804
2016/04/12,1.28764
2016/04/11,1.29886
2016/04/08,1.30784
2016/04/07,1.31169
2016/04/06,1.31546
2016/04/05,1.31679
2016/04/04,1.30334
2016/04/01,1.30283
2016/03/31,1.29451
2016/03/30,1.30298
2016/03/29,1.31687
2016/03/24,1.32876
2016/03/23,1.31376
2016/03/22,1.30922
2016/03/21,1.3045
2016/03/18,1.29683
2016/03/17,1.29971
2016/03/16,1.33749
2016/03/15,1.33513
2016/03/14,1.32539
2016/03/11,1.32534
2016/03/10,1.32854
2016/03/09,1.34011
2016/03/08,1.33252
2016/03/07,1.33772
2016/03/04,1.34157
2016/03/03,1.34336
2016/03/02,1.34442
2016/03/01,1.35201
2016/02/29,1.35626
2016/02/26,1.35462
2016/02/25,1.36256
2016/02/24,1.38394
2016/02/23,1.37393
2016/02/22,1.37203
2016/02/19,1.37653
2016/02/18,1.36846
2016/02/17,1.38173
2016/02/16,1.38187
2016/02/15,1.38229
2016/02/12,1.39228
2016/02/11,1.39614
2016/02/10,1.38589
2016/02/09,1.39044
2016/02/08,1.3951
2016/02/05,1.37511
2016/02/04,1.37123
2016/02/03,1.3934
2016/02/02,1.40049
2016/02/01,1.40141
2016/01/29,1.40687
2016/01/28,1.40851
2016/01/27,1.40806
2016/01/26,1.42207
2016/01/25,1.41942
2016/01/22,1.4171
2016/01/21,1.44588
2016/01/20,1.46374
2016/01/19,1.44921
2016/01/18,1.45061
2016/01/15,1.45217
2016/01/14,1.43643
2016/01/13,1.42206
2016/01/12,1.41842
2016/01/11,1.40852
2016/01/08,1.41064
2016/01/07,1.41332
2016/01/06,1.40914
2016/01/05,1.39363
2016/01/04,1.39218
2015/12/31,1.38844
2015/12/30,1.38852
2015/12/29,1.39162
2015/12/28,1.38725
2015/12/24,1.38696
2015/12/23,1.39025
2015/12/22,1.39171
2015/12/21,1.39549
2015/12/18,1.39563
2015/12/17,1.38317
2015/12/16,1.37657
2015/12/15,1.37116
2015/12/14,1.3754
2015/12/11,1.36639
2015/12/10,1.35402
2015/12/09,1.35701
2015/12/08,1.36028
2015/12/07,1.3461
2015/12/04,1.3337
2015/12/03,1.33193
2015/12/02,1.33848
2015/12/01,1.33189
2015/11/30,1.33689
2015/11/27,1.33469
2015/11/26,1.33047
2015/11/25,1.3327
2015/11/24,1.33593
2015/11/23,1.33779
2015/11/20,1.33131
2015/11/19,1.329
2015/11/18,1.33349
2015/11/17,1.33083
2015/11/16,1.33293
2015/11/13,1.33055
2015/11/12,1.33256
2015/11/11,1.32633
2015/11/10,1.32611
2015/11/09,1.32563
2015/11/06,1.32014
2015/11/05,1.31581
2015/11/04,1.307
2015/11/03,1.3125
2015/11/02,1.30983
2015/10/30,1.31751
2015/10/29,1.31848
2015/10/28,1.32097
2015/10/27,1.32194
2015/10/26,1.31523
2015/10/23,1.30666
2015/10/22,1.31238
2015/10/21,1.30033
2015/10/20,1.30027
2015/10/19,1.29454
2015/10/16,1.29269
2015/10/15,1.28997
2015/10/14,1.29851
2015/10/13,1.30473
2015/10/12,1.29271
2015/10/09,1.29361
2015/10/08,1.30469
2015/10/07,1.30028
2015/10/06,1.30978
2015/10/05,1.31141
2015/10/02,1.32392
2015/10/01,1.32691
2015/09/30,1.34196
2015/09/29,1.33881
2015/09/28,1.33581
2015/09/25,1.33127
2015/09/24,1.33787
2015/09/23,1.32646
2015/09/22,1.32712
2015/09/21,1.31831
2015/09/18,1.30274
2015/09/17,1.3194
2015/09/16,1.32499
2015/09/15,1.32367
2015/09/14,1.32534
2015/09/11,1.32632
2015/09/10,1.32517
2015/09/09,1.3248
2015/09/08,1.32207
2015/09/07,1.32801
2015/09/04,1.32304
2015/09/03,1.3263
2015/09/02,1.32554
2015/09/01,1.32218
2015/08/31,1.32528
2015/08/28,1.32712
2015/08/27,1.32258
2015/08/26,1.32652
2015/08/25,1.3194
2015/08/24,1.32522
2015/08/21,1.31079
2015/08/20,1.31262
2015/08/19,1.30704
2015/08/18,1.31049
2015/08/17,1.3136
2015/08/14,1.30436
2015/08/13,1.3012
2015/08/12,1.29691
2015/08/11,1.30746
2015/08/10,1.31314
2015/08/07,1.3082
2015/08/06,1.31677
2015/08/05,1.3171
2015/08/04,1.31304
2015/08/03,1.31531
2015/07/31,1.30482
2015/07/30,1.29804
2015/07/29,1.29547
2015/07/28,1.30141
2015/07/27,1.30304
2015/07/24,1.30908
2015/07/23,1.29748
2015/07/22,1.29949
2015/07/21,1.29916
2015/07/20,1.29847
2015/07/17,1.29782
2015/07/16,1.29475
2015/07/15,1.27441
2015/07/14,1.27604
2015/07/13,1.27206
2015/07/10,1.27063
2015/07/09,1.2685
2015/07/08,1.27431
2015/07/07,1.2739
2015/07/06,1.26399
2015/07/03,1.2582
2015/07/02,1.26179
2015/07/01,1.25243
2015/06/30,1.23684
2015/06/29,1.2374
2015/06/26,1.23648
2015/06/25,1.23844
2015/06/24,1.23009
2015/06/23,1.23393
2015/06/22,1.22336
2015/06/19,1.2271
2015/06/18,1.21598
2015/06/17,1.23123
2015/06/16,1.23433
2015/06/15,1.23418
2015/06/12,1.2303
2015/06/11,1.2321
2015/06/10,1.2236
2015/06/09,1.23469
2015/06/08,1.24342
2015/06/05,1.25004
2015/06/04,1.24494
2015/06/03,1.24448
2015/06/02,1.2498
2015/06/01,1.24936
2015/05/29,1.2443
2015/05/28,1.24761
2015/05/27,1.2456
2015/05/26,1.23742
2015/05/25,1.22937
2015/05/22,1.21999
2015/05/21,1.22159
2015/05/20,1.22126
2015/05/19,1.21807
2015/05/18,1.20581
2015/05/15,1.20374
2015/05/14,1.19494
2015/05/13,1.1974
2015/05/12,1.20402
2015/05/11,1.21136
2015/05/08,1.21032
2015/05/07,1.20699
2015/05/06,1.20098
2015/05/05,1.20896
2015/05/04,1.21162
2015/04/30,1.20196
2015/04/29,1.20542
2015/04/28,1.20692
2015/04/27,1.21558
2015/04/24,1.21194
2015/04/23,1.22261
2015/04/22,1.22424
2015/04/21,1.2229
2015/04/20,1.22522
2015/04/17,1.21907
2015/04/16,1.23051
2015/04/15,1.25503
2015/04/14,1.25824
2015/04/13,1.2627
2015/04/10,1.26641
2015/04/09,1.25237
2015/04/08,1.24167
2015/04/07,1.25039
2015/04/02,1.26436
2015/04/01,1.2675
2015/03/31,1.27688
2015/03/30,1.26408
2015/03/27,1.25092
2015/03/26,1.24424
2015/03/25,1.24816
2015/03/24,1.24648
2015/03/23,1.25247
2015/03/20,1.26717
2015/03/19,1.27171
2015/03/18,1.28238
2015/03/17,1.27739
2015/03/16,1.27811
2015/03/13,1.27336
2015/03/12,1.26562
2015/03/11,1.26981
2015/03/10,1.26336
2015/03/09,1.25912
2015/03/06,1.24656
2015/03/05,1.24401
2015/03/04,1.25153
2015/03/03,1.25188
2015/03/02,1.24922
2015/02/27,1.24511
2015/02/26,1.24697
2015/02/25,1.24414
2015/02/24,1.2643
2015/02/23,1.26182
2015/02/20,1.24562
2015/02/19,1.25204
2015/02/18,1.24499
2015/02/17,1.23741
2015/02/16,1.24527
2015/02/13,1.25077
2015/02/12,1.256
2015/02/11,1.26109
2015/02/10,1.24706
2015/02/09,1.25002
2015/02/06,1.24452
2015/02/05,1.25241
2015/02/04,1.24524
2015/02/03,1.25844
2015/02/02,1.2672
2015/01/30,1.26696
2015/01/29,1.25312
2015/01/28,1.24207
2015/01/27,1.2458
2015/01/26,1.24591
2015/01/23,1.2446
2015/01/22,1.23541
2015/01/21,1.20754
2015/01/20,1.20131
2015/01/19,1.19828
2015/01/16,1.20349
2015/01/15,1.18338
2015/01/14,1.19652
2015/01/13,1.19657
2015/01/12,1.18968
2015/01/09,1.182
2015/01/08,1.18159
2015/01/07,1.18299
2015/01/06,1.17626
2015/01/05,1.17843
2015/01/02,1.16823
2014/12/31,1.15831
2014/12/30,1.16217
2014/12/29,1.16283
2014/12/24,1.15918
2014/12/23,1.16376
2014/12/22,1.16298
2014/12/19,1.15962
2014/12/18,1.15979
2014/12/17,1.1634
2014/12/16,1.16551
2014/12/15,1.15942
2014/12/12,1.15799
2014/12/11,1.1491
2014/12/10,1.14477
2014/12/09,1.14528
2014/12/08,1.14431
2014/12/05,1.13938
2014/12/04,1.13703
2014/12/03,1.13811
2014/12/02,1.13691
2014/12/01,1.13987
2014/11/28,1.13971
2014/11/27,1.12492
2014/11/26,1.12681
2014/11/25,1.12709
2014/11/24,1.12498
2014/11/21,1.12599
2014/11/20,1.13247
2014/11/19,1.1349
2014/11/18,1.12914
2014/11/17,1.131
2014/11/14,1.13823
2014/11/13,1.13287
2014/11/12,1.13171
2014/11/11,1.13892
2014/11/10,1.13119
2014/11/07,1.14323
2014/11/06,1.14093
2014/11/05,1.14431
2014/11/04,1.1416
2014/11/03,1.12863
2014/10/31,1.12744
2014/10/30,1.11716
2014/10/29,1.11423
2014/10/28,1.12072
2014/10/27,1.12477
2014/10/24,1.12102
2014/10/23,1.12148
2014/10/22,1.12204
2014/10/21,1.1249
2014/10/20,1.12589
2014/10/17,1.12423
2014/10/16,1.13311
2014/10/15,1.1373
2014/10/14,1.1247
2014/10/13,1.12122
2014/10/10,1.11972
2014/10/09,1.11102
2014/10/08,1.11752
2014/10/07,1.11478
2014/10/06,1.12041
2014/10/03,1.11826
2014/10/02,1.11369
2014/10/01,1.12188
2014/09/30,1.11722
2014/09/29,1.11582
2014/09/26,1.11122
2014/09/25,1.11202
2014/09/24,1.10767
2014/09/23,1.10029
2014/09/22,1.10043
2014/09/19,1.09781
2014/09/18,1.09998
2014/09/17,1.09741
2014/09/16,1.1041
2014/09/15,1.10859
2014/09/12,1.10587
2014/09/11,1.10118
2014/09/10,1.09931
2014/09/09,1.09774
2014/09/08,1.09052
2014/09/05,1.08781
2014/09/04,1.08798
2014/09/03,1.09011
2014/09/02,1.09089
2014/09/01,1.08627
2014/08/29,1.08538
2014/08/28,1.08438
2014/08/27,1.09069
2014/08/26,1.0965
2014/08/25,1.09523
2014/08/22,1.09573
2014/08/21,1.09637
2014/08/20,1.09523
2014/08/19,1.09091
2014/08/18,1.08787
2014/08/15,1.09001
2014/08/14,1.08913
2014/08/13,1.09229
2014/08/12,1.09501
2014/08/11,1.0954
2014/08/08,1.09157
2014/08/07,1.09328
2014/08/06,1.09726
2014/08/05,1.09513
2014/08/04,1.09224
2014/08/01,1.09257
2014/07/31,1.09201
2014/07/30,1.08738
2014/07/29,1.08191
2014/07/28,1.08092
2014/07/25,1.07679
2014/07/24,1.07252
2014/07/23,1.07211
2014/07/22,1.07574
2014/07/21,1.07442
2014/07/18,1.07453
2014/07/17,1.07482
2014/07/16,1.07626
2014/07/15,1.07331
2014/07/14,1.0728
2014/07/11,1.06407
2014/07/10,1.06697
2014/07/09,1.06638
2014/07/08,1.06763
2014/07/07,1.0643
2014/07/04,1.06351
2014/07/03,1.06478
2014/07/02,1.06437
2014/07/01,1.06568
2014/06/30,1.06817
2014/06/27,1.06872
2014/06/26,1.07137
2014/06/25,1.07382
2014/06/24,1.07321
2014/06/23,1.0734
2014/06/20,1.0814
2014/06/19,1.08289
2014/06/18,1.08693
2014/06/17,1.08653
2014/06/16,1.08809
2014/06/13,1.0849
2014/06/12,1.0859
2014/06/11,1.08873
2014/06/10,1.09131
2014/06/09,1.09208
2014/06/06,1.09236
2014/06/05,1.09398
2014/06/04,1.0929
2014/06/03,1.0911
2014/06/02,1.08633
2014/05/30,1.08363
2014/05/29,1.08537
2014/05/28,1.0862
2014/05/27,1.08491
2014/05/26,1.08632
2014/05/23,1.0901
2014/05/22,1.09124
2014/05/21,1.09008
2014/05/20,1.08897
2014/05/19,1.08669
2014/05/16,1.08769
2014/05/15,1.08683
2014/05/14,1.09031
2014/05/13,1.08991
2014/05/12,1.08798
2014/05/09,1.08301
2014/05/08,1.08758
2014/05/07,1.08882
2014/05/06,1.09229
2014/05/05,1.0986
2014/05/02,1.09652
2014/04/30,1.09682
2014/04/29,1.09699
2014/04/28,1.10237
2014/04/25,1.1018
2014/04/24,1.10253
2014/04/23,1.10228
2014/04/22,1.1014
2014/04/17,1.1009
2014/04/16,1.09827
2014/04/15,1.09911
2014/04/14,1.09662
2014/04/11,1.09689
2014/04/10,1.09021
2014/04/09,1.09337
2014/04/08,1.093
2014/04/07,1.09918
2014/04/04,1.10219
2014/04/03,1.10174
2014/04/02,1.1012
2014/04/01,1.10522
2014/03/31,1.10422
2014/03/28,1.10379
2014/03/27,1.10932
2014/03/26,1.11653
2014/03/25,1.11778
2014/03/24,1.12153
2014/03/21,1.1201
2014/03/20,1.1268
2014/03/19,1.1173
2014/03/18,1.10452
2014/03/17,1.10693
2014/03/14,1.10869
2014/03/13,1.10658
2014/03/12,1.11363
2014/03/11,1.11119
2014/03/10,1.1108
2014/03/07,1.09839
2014/03/06,1.10309
2014/03/05,1.10618
2014/03/04,1.10721
2014/03/03,1.10967
2014/02/28,1.11178
2014/02/27,1.11306
2014/02/26,1.10957
2014/02/25,1.10753
2014/02/24,1.10979
2014/02/21,1.11651
2014/02/20,1.1082
2014/02/19,1.09502
2014/02/18,1.09672
2014/02/17,1.09607
2014/02/14,1.09557
2014/02/13,1.10033
2014/02/12,1.09998
2014/02/11,1.10361
2014/02/10,1.10449
2014/02/07,1.1069
2014/02/06,1.10597
2014/02/05,1.10581
2014/02/04,1.10733
2014/02/03,1.10757
2014/01/31,1.11949
2014/01/30,1.11802
2014/01/29,1.11501
2014/01/28,1.11437
2014/01/27,1.10411
2014/01/24,1.10623
2014/01/23,1.11438
2014/01/22,1.09656
2014/01/21,1.09988
2014/01/20,1.09376
2014/01/17,1.09688
2014/01/16,1.09223
2014/01/15,1.09547
2014/01/14,1.08897
2014/01/13,1.09104
2014/01/10,1.08758
2014/01/09,1.08581
2014/01/08,1.08077
2014/01/07,1.0692
2014/01/06,1.06573
2014/01/03,1.06117
2014/01/02,1.06311
2013/12/31,1.06381
2013/12/30,1.07117
2013/12/27,1.06638
2013/12/24,1.06102
2013/12/23,1.05999
2013/12/20,1.06921
2013/12/19,1.07193
2013/12/18,1.06342
2013/12/17,1.05877
2013/12/16,1.05829
2013/12/13,1.06549
2013/12/12,1.05779
2013/12/11,1.05913
2013/12/10,1.06211
2013/12/09,1.06639
2013/12/06,1.06493
2013/12/05,1.06569
2013/12/04,1.06563
2013/12/03,1.06533
2013/12/02,1.06287
2013/11/29,1.05753
2013/11/28,1.05768
2013/11/27,1.05781
2013/11/26,1.05248
2013/11/25,1.05609
2013/11/22,1.05408
2013/11/21,1.04728
2013/11/20,1.04569
2013/11/19,1.0437
2013/11/18,1.04173
2013/11/15,1.04643
2013/11/14,1.04987
2013/11/13,1.0489
2013/11/12,1.04951
2013/11/11,1.04719
2013/11/08,1.04549
2013/11/07,1.04302
2013/11/06,1.04402
2013/11/05,1.04291
2013/11/04,1.04013
2013/11/01,1.04272
2013/10/31,1.04472
2013/10/30,1.04427
2013/10/29,1.04438
2013/10/28,1.0444
2013/10/25,1.04377
2013/10/24,1.04006
2013/10/23,1.03178
2013/10/22,1.02998
2013/10/21,1.02941
2013/10/18,1.0296
2013/10/17,1.02979
2013/10/16,1.03731
2013/10/15,1.03572
2013/10/14,1.03517
2013/10/11,1.03892
2013/10/10,1.0385
2013/10/09,1.03803
2013/10/08,1.03079
2013/10/07,1.03227
2013/10/04,1.03303
2013/10/03,1.03376
2013/10/02,1.035
2013/10/01,1.0301
2013/09/30,1.03014
2013/09/27,1.03176
2013/09/26,1.03037
2013/09/25,1.0311
2013/09/24,1.0285
2013/09/23,1.02969
2013/09/20,1.02841
2013/09/19,1.02097
2013/09/18,1.03071
2013/09/17,1.0313
2013/09/16,1.0301
2013/09/13,1.0334
2013/09/12,1.03198
2013/09/11,1.03377
2013/09/10,1.03353
2013/09/09,1.03827
2013/09/06,1.04307
2013/09/05,1.0481
2013/09/04,1.04882
2013/09/03,1.05254
2013/09/02,1.053
2013/08/30,1.05297
2013/08/29,1.04953
2013/08/28,1.049
2013/08/27,1.05263
2013/08/26,1.05262
2013/08/23,1.05683
2013/08/22,1.04961
2013/08/21,1.04348
2013/08/19,1.03312
2013/08/16,1.03231
2013/08/12,1.0311
2013/08/09,1.02909
2013/08/08,1.04109
2013/08/07,1.04231
2013/08/06,1.0375
2013/08/05,1.0396
2013/08/02,1.04022
2013/08/01,1.02977
2013/07/31,1.02968
2013/07/30,1.02597
2013/07/29,1.02758
2013/07/26,1.02851
2013/07/25,1.02962
2013/07/24,1.02703
2013/07/23,1.03338
2013/07/22,1.03433
2013/07/19,1.03772
2013/07/18,1.04178
2013/07/17,1.03959
2013/07/16,1.04109
2013/07/15,1.04273
2013/07/12,1.03859
2013/07/11,1.04048
2013/07/10,1.05167
2013/07/09,1.05452
2013/07/08,1.0558
2013/07/05,1.05208
2013/07/04,1.05437
2013/07/03,1.0544
2013/07/02,1.05677
2013/07/01,1.05193
2013/06/28,1.04847
2013/06/27,1.04351
2013/06/26,1.04799
2013/06/25,1.04842
2013/06/24,1.05433
2013/06/21,1.03983
2013/06/20,1.03417
2013/06/19,1.01992
2013/06/18,1.01952
2013/06/17,1.01582
2013/06/14,1.01661
2013/06/13,1.01697
2013/06/12,1.01597
2013/06/11,1.02418
2013/06/10,1.01862
2013/06/07,1.02323
2013/06/06,1.03133
2013/06/05,1.03383
2013/06/04,1.03193
2013/06/03,1.03436
2013/05/31,1.03291
2013/05/30,1.03778
2013/05/29,1.03721
2013/05/28,1.03439
2013/05/27,1.03231
2013/05/24,1.03323
2013/05/23,1.03499
2013/05/22,1.03033
2013/05/21,1.02689
2013/05/20,1.02793
2013/05/17,1.02727
2013/05/16,1.01939
2013/05/15,1.02091
2013/05/14,1.01387
2013/05/13,1.00917
2013/05/10,1.00962
2013/05/09,1.00358
2013/05/08,1.00419
2013/05/07,1.00519
2013/05/06,1.00839
2013/05/03,1.01136
2013/05/02,1.00713
2013/04/30,1.01079
2013/04/29,1.01373
2013/04/26,1.01977
2013/04/25,1.02248
2013/04/24,1.02606
2013/04/23,1.02771
2013/04/22,1.02593
2013/04/19,1.02501
2013/04/18,1.0243
2013/04/17,1.0259
2013/04/16,1.02148
2013/04/15,1.02056
2013/04/12,1.01188
2013/04/11,1.00938
2013/04/10,1.01559
2013/04/09,1.01488
2013/04/08,1.01697
2013/04/05,1.01468
2013/04/04,1.01513
2013/04/03,1.01419
2013/04/02,1.01293
2013/03/28,1.01687
2013/03/27,1.01692
2013/03/26,1.01882
2013/03/25,1.02041
2013/03/22,1.02402
2013/03/21,1.02332
2013/03/20,1.02518
2013/03/19,1.0248
2013/03/18,1.02181
2013/03/15,1.02033
2013/03/14,1.02644
2013/03/13,1.02488
2013/03/12,1.02597
2013/03/11,1.02794
2013/03/08,1.02903
2013/03/07,1.03167
2013/03/06,1.02862
2013/03/05,1.02647
2013/03/04,1.02868
2013/03/01,1.03362
2013/02/28,1.02529
2013/02/27,1.02573
2013/02/26,1.02608
2013/02/25,1.0224
2013/02/22,1.02063
2013/02/21,1.01904
2013/02/20,1.01473
2013/02/19,1.01161
2013/02/18,1.00652
2013/02/15,1.00263
2013/02/14,1.0012
2013/02/13,1.00282
2013/02/12,1.00551
2013/02/11,1.00769
2013/02/08,0.99903
2013/02/07,0.99572
2013/02/06,0.99822
2013/02/05,0.99808
2013/02/04,0.99683
2013/02/01,0.99949
2013/01/31,1.00199
2013/01/30,1.00236
2013/01/29,1.00573
2013/01/28,1.00878
2013/01/25,1.00624
2013/01/24,1.00187
2013/01/23,0.9919
2013/01/22,0.99437
2013/01/21,0.99302
2013/01/18,0.99009
2013/01/17,0.98691
2013/01/16,0.98682
2013/01/15,0.98612
2013/01/14,0.98628
2013/01/11,0.98388
2013/01/10,0.98589
2013/01/09,0.98752
2013/01/08,0.98571
2013/01/07,0.98712
2013/01/04,0.99116
2013/01/03,0.98634
2013/01/02,0.98477
2012/12/31,0.99568
2012/12/28,0.99537
2012/12/27,0.99171
2012/12/24,0.99289
2012/12/21,0.99099
2012/12/20,0.98943
2012/12/19,0.98677
2012/12/18,0.98437
2012/12/17,0.98708
2012/12/14,0.98448
2012/12/13,0.98279
2012/12/12,0.98543
2012/12/11,0.98669
2012/12/10,0.98693
2012/12/07,0.99233
2012/12/06,0.99151
2012/12/05,0.99196
2012/12/04,0.99397
2012/12/03,0.99288
2012/11/30,0.99369
2012/11/29,0.99169
2012/11/28,0.99473
2012/11/27,0.99113
2012/11/26,0.99383
2012/11/23,0.99659
2012/11/22,0.99597
2012/11/21,0.99758
2012/11/20,0.99578
2012/11/19,0.99859
2012/11/16,1.00063
2012/11/15,1.00204
2012/11/14,1.00118
2012/11/13,1.00102
2012/11/12,0.99921
2012/11/09,1.00284
2012/11/08,0.99639
2012/11/07,0.99341
2012/11/06,0.99391
2012/11/05,0.99648
2012/11/02,0.99479
2012/11/01,0.99954
2012/10/31,1.00092
2012/10/30,0.99992
2012/10/29,0.99977
2012/10/26,0.99667
2012/10/25,0.99161
2012/10/24,0.98957
2012/10/23,0.99662
2012/10/22,0.99418
2012/10/19,0.98849
2012/10/18,0.97904
2012/10/17,0.98438
2012/10/16,0.98651
2012/10/15,0.97772
2012/10/12,0.97749
2012/10/11,0.97887
2012/10/10,0.97711
2012/10/09,0.97522
2012/10/08,0.97878
2012/10/05,0.98062
2012/10/04,0.98703
2012/10/03,0.98628
2012/10/02,0.98167
2012/10/01,0.98369
2012/09/28,0.98097
2012/09/27,0.98322
2012/09/26,0.9835
2012/09/25,0.98028
2012/09/24,0.9808
2012/09/21,0.97428
2012/09/20,0.97869
2012/09/19,0.97462
2012/09/18,0.97533
2012/09/17,0.97302
2012/09/14,0.96434
2012/09/13,0.97591
2012/09/12,0.97441
2012/09/11,0.972
2012/09/10,0.9773
2012/09/07,0.98158
2012/09/06,0.98671
2012/09/05,0.9876
2012/09/04,0.98497
2012/09/03,0.98663
2012/08/31,0.99017
2012/08/30,0.99123
2012/08/29,0.9886
2012/08/28,0.98733
2012/08/27,0.98986
2012/08/24,0.99336
2012/08/23,0.99092
2012/08/22,0.99253
2012/08/21,0.98568
2012/08/20,0.98919
2012/08/17,0.98849
2012/08/16,0.9886
2012/08/15,0.99177
2012/08/14,0.99182
2012/08/13,0.99157
2012/08/10,0.99429
2012/08/09,0.99423
2012/08/08,0.99781
2012/08/07,0.99783
2012/08/06,1.00048
2012/08/03,1.00302
2012/08/02,1.00219
2012/08/01,1.00179
2012/07/31,1.00228
2012/07/30,1.00416
2012/07/27,1.00731
2012/07/26,1.00783
2012/07/25,1.01863
2012/07/24,1.01803
2012/07/23,1.01727
2012/07/20,1.01008
2012/07/19,1.00716
2012/07/18,1.01349
2012/07/17,1.01482
2012/07/16,1.0156
2012/07/13,1.01691
2012/07/12,1.02324
2012/07/11,1.019
2012/07/10,1.01832
2012/07/09,1.02123
2012/07/06,1.0147
2012/07/05,1.01239
2012/07/04,1.01322
2012/07/03,1.01638
2012/07/02,1.01707
2012/06/29,1.02232
2012/06/28,1.02786
2012/06/27,1.02548
2012/06/26,1.02798
2012/06/25,1.02987
2012/06/22,1.02823
2012/06/21,1.01871
2012/06/20,1.01692
2012/06/19,1.0214
2012/06/18,1.02584
2012/06/15,1.02421
2012/06/14,1.02661
2012/06/13,1.02601
2012/06/12,1.02882
2012/06/11,1.02479
2012/06/08,1.03417
2012/06/07,1.02358
2012/06/06,1.03396
2012/06/05,1.04031
2012/06/04,1.03908
2012/06/01,1.03831
2012/05/31,1.02886
2012/05/30,1.02782
2012/05/29,1.02491
2012/05/28,1.02427
2012/05/25,1.02742
2012/05/24,1.02548
2012/05/23,1.0222
2012/05/22,1.01637
2012/05/21,1.02329
2012/05/18,1.01714
2012/05/17,1.01388
2012/05/16,1.00738
2012/05/15,1.00093
2012/05/14,1.00373
2012/05/11,1.00409
2012/05/10,0.99877
2012/05/09,1.0044
2012/05/08,0.99562
2012/05/07,0.99616
2012/05/04,0.98888
2012/05/03,0.9843
2012/05/02,0.98827
2012/04/30,0.98267
2012/04/27,0.98239
2012/04/26,0.98131
2012/04/25,0.98561
2012/04/24,0.98929
2012/04/23,0.99718
2012/04/20,0.99113
2012/04/19,0.99121
2012/04/18,0.9903
2012/04/17,0.99619
2012/04/16,1.00038
2012/04/13,0.99392
2012/04/12,0.9984
2012/04/11,1.00267
2012/04/10,0.99832
2012/04/05,0.99801
2012/04/04,0.99521
2012/04/03,0.99181
2012/04/02,0.99857
2012/03/30,0.99663
2012/03/29,0.99992
2012/03/28,0.9964
2012/03/27,0.9925
2012/03/26,0.99601
2012/03/23,1.00159
2012/03/22,0.99878
2012/03/21,0.99002
2012/03/20,0.99242
2012/03/19,0.99141
2012/03/16,0.99039
2012/03/15,0.99257
2012/03/14,0.98966
2012/03/13,0.99203
2012/03/12,0.99291
2012/03/09,0.99242
2012/03/08,0.99517
2012/03/07,1.00152
2012/03/06,0.99878
2012/03/05,0.99312
2012/03/02,0.98691
2012/03/01,0.98558
2012/02/29,0.98802
2012/02/28,0.99569
2012/02/27,1.00329
2012/02/24,0.99858
2012/02/23,0.99692
2012/02/22,0.99849
2012/02/21,0.99622
2012/02/20,0.99193
2012/02/17,0.99498
2012/02/16,1.00339
2012/02/15,0.99702
2012/02/14,0.99947
2012/02/13,0.99759
2012/02/10,1.00273
2012/02/09,0.99481
2012/02/08,0.99435
2012/02/07,0.99809
2012/02/06,0.99824
2012/02/03,1.0022
2012/02/02,1.00023
2012/02/01,0.99894
2012/01/31,0.99681
2012/01/30,1.00572
2012/01/27,0.99878
2012/01/26,1.0016
2012/01/25,1.01329
2012/01/24,1.01238
2012/01/23,1.0086
2012/01/20,1.01349
2012/01/19,1.00782
2012/01/18,1.01333
2012/01/17,1.01243
2012/01/16,1.02052
2012/01/13,1.01942
2012/01/12,1.01649
2012/01/11,1.01651
2012/01/10,1.01663
2012/01/09,1.02813
2012/01/06,1.02152
2012/01/05,1.01613
2012/01/04,1.01583
2012/01/03,1.01199
2012/01/02,1.0201
2011/12/30,1.02133
2011/12/29,1.02328
2011/12/28,1.01492
2011/12/27,1.01936
2011/12/23,1.0193
2011/12/22,1.02468
2011/12/21,1.02819
2011/12/20,1.0332
2011/12/19,1.03574
2011/12/16,1.03314
2011/12/15,1.03541
2011/12/14,1.0371
2011/12/13,1.02633
2011/12/12,1.02453
2011/12/09,1.02167
2011/12/08,1.00843
2011/12/07,1.01047
2011/12/06,1.01837
2011/12/05,1.01503
2011/12/02,1.01362
2011/12/01,1.01808
2011/11/30,1.01938
2011/11/29,1.02857
2011/11/28,1.03401
2011/11/25,1.05163
2011/11/24,1.04419
2011/11/23,1.0431
2011/11/22,1.03871
2011/11/21,1.03559
2011/11/18,1.02232
2011/11/17,1.0253
2011/11/16,1.02573
2011/11/15,1.02468
2011/11/14,1.01662
2011/11/11,1.01875
2011/11/10,1.02027
2011/11/09,1.02017
2011/11/08,1.01349
2011/11/07,1.01739
2011/11/04,1.01939
2011/11/03,1.00733
2011/11/02,1.01217
2011/11/01,1.01673
2011/10/31,0.99493
2011/10/28,0.99379
2011/10/27,0.99473
2011/10/26,1.01343
2011/10/25,1.00057
2011/10/24,1.00592
2011/10/21,1.01152
2011/10/20,1.01506
2011/10/19,1.01106
2011/10/18,1.02501
2011/10/17,1.01299
2011/10/14,1.0147
2011/10/13,1.02207
2011/10/12,1.01671
2011/10/11,1.028
2011/10/10,1.02891
2011/10/07,1.03551
2011/10/06,1.0468
2011/10/05,1.05159
2011/10/04,1.05629
2011/10/03,1.04802
2011/09/30,1.04458
2011/09/29,1.03188
2011/09/28,1.02502
2011/09/27,1.01937
2011/09/26,1.02881
2011/09/23,1.03172
2011/09/22,1.03316
2011/09/21,0.99692
2011/09/20,0.99052
2011/09/19,0.98402
2011/09/16,0.98561
2011/09/15,0.9884
2011/09/14,0.98937
2011/09/13,0.99267
2011/09/12,1.00088
2011/09/09,0.99283
2011/09/08,0.98441
2011/09/07,0.98867
2011/09/06,0.99241
2011/09/05,0.98881
2011/09/02,0.97818
2011/09/01,0.97683
2011/08/31,0.97862
2011/08/30,0.9791
2011/08/29,0.97722
2011/08/26,0.98882
2011/08/25,0.98579
2011/08/24,0.98843
2011/08/23,0.98603
2011/08/22,0.98481
2011/08/19,0.98637
2011/08/18,0.9865
2011/08/17,0.97859
2011/08/16,0.98642
2011/08/15,0.98623
2011/08/12,0.98688
2011/08/11,0.99632
2011/08/10,0.98371
2011/08/09,0.99131
2011/08/08,0.98622
2011/08/05,0.98191
2011/08/04,0.97189
2011/08/03,0.95972
2011/08/02,0.96119
2011/08/01,0.9513
2011/07/29,0.95063
2011/07/28,0.94818
2011/07/27,0.94317
2011/07/26,0.9414
2011/07/25,0.94569
2011/07/22,0.94907
2011/07/21,0.94551
2011/07/20,0.94679
2011/07/19,0.95579
2011/07/18,0.9592
2011/07/15,0.9578
2011/07/14,0.95761
2011/07/13,0.9612
2011/07/12,0.97202
2011/07/11,0.96948
2011/07/08,0.95808
2011/07/07,0.96427
2011/07/06,0.96613
2011/07/05,0.96321
2011/07/04,0.95993
2011/07/01,0.96383
2011/06/30,0.96527
2011/06/29,0.9731
2011/06/28,0.98661
2011/06/27,0.98951
2011/06/24,0.98179
2011/06/23,0.97418
2011/06/22,0.97291
2011/06/21,0.97565
2011/06/20,0.98377
2011/06/17,0.97877
2011/06/16,0.98871
2011/06/15,0.96991
2011/06/14,0.97411
2011/06/13,0.9775
2011/06/10,0.97163
2011/06/09,0.97838
2011/06/08,0.98111
2011/06/07,0.97577
2011/06/06,0.98089
2011/06/03,0.97853
2011/06/02,0.97752
2011/06/01,0.96807
2011/05/31,0.97219
2011/05/30,0.97583
2011/05/27,0.97617
2011/05/26,0.97791
2011/05/25,0.97861
2011/05/24,0.97807
2011/05/23,0.97896
2011/05/20,0.96924
2011/05/19,0.96768
2011/05/18,0.9742
2011/05/17,0.97509
2011/05/16,0.9744
2011/05/13,0.9631
2011/05/12,0.96637
2011/05/11,0.95431
2011/05/10,0.95953
2011/05/09,0.96437
2011/05/06,0.96393
2011/05/05,0.96551
2011/05/04,0.95249
2011/05/03,0.95372
2011/05/02,0.94952
2011/04/29,0.94899
2011/04/28,0.95072
2011/04/27,0.95228
2011/04/26,0.95293
2011/04/21,0.94803
2011/04/20,0.95129
2011/04/19,0.95749
2011/04/18,0.96469
2011/04/15,0.96429
2011/04/14,0.96563
2011/04/13,0.96171
2011/04/12,0.95812
2011/04/11,0.95691
2011/04/08,0.95417
2011/04/07,0.95883
2011/04/06,0.95902
2011/04/05,0.96541
2011/04/04,0.96341
2011/04/01,0.96782
2011/03/31,0.9703
2011/03/30,0.97048
2011/03/29,0.97661
2011/03/28,0.97869
2011/03/25,0.97612
2011/03/24,0.97792
2011/03/23,0.9826
2011/03/22,0.97889
2011/03/21,0.97647
2011/03/18,0.9833
2011/03/17,0.986
2011/03/16,0.98488
2011/03/15,0.99244
2011/03/14,0.97484
2011/03/11,0.97931
2011/03/10,0.97098
2011/03/09,0.96791
2011/03/08,0.97417
2011/03/07,0.97063
2011/03/04,0.97263
2011/03/03,0.97249
2011/03/02,0.97429
2011/03/01,0.96984
2011/02/28,0.97839
2011/02/25,0.98002
2011/02/24,0.98381
2011/02/23,0.99257
2011/02/22,0.98712
2011/02/21,0.98361
2011/02/18,0.9832
2011/02/17,0.98282
2011/02/16,0.98653
2011/02/15,0.98571
2011/02/14,0.9881
2011/02/11,0.99556
2011/02/10,0.99765
2011/02/09,0.99458
2011/02/08,0.99025
2011/02/07,0.98724
2011/02/04,0.98657
2011/02/03,0.98916
2011/02/02,0.98884
2011/02/01,0.99724
2011/01/31,0.99905
2011/01/28,0.99519
2011/01/27,0.99526
2011/01/26,0.99627
2011/01/25,0.99993
2011/01/24,0.99462
2011/01/21,0.9966
2011/01/20,0.99933
2011/01/19,0.99126
2011/01/18,0.98586
2011/01/17,0.98708
2011/01/14,0.99633
2011/01/13,0.98886
2011/01/12,0.98543
2011/01/11,0.99158
2011/01/10,0.99589
2011/01/07,0.99275
2011/01/06,0.99389
2011/01/05,1.00038
2011/01/04,0.99322
2011/01/03,0.99131
2010/12/31,0.99701
2010/12/30,0.99962
2010/12/29,1.00145
2010/12/28,1.00197
2010/12/27,1.00792
2010/12/24,1.01046
2010/12/23,1.016
2010/12/22,1.01602
2010/12/21,1.01938
2010/12/20,1.01285
2010/12/17,1.00739
2010/12/16,1.00446
2010/12/15,1.00599
2010/12/14,1.00715
2010/12/13,1.00693
2010/12/10,1.00959
2010/12/09,1.01059
2010/12/08,1.0122
2010/12/07,1.00172
2010/12/06,1.00648
2010/12/03,1.00174
2010/12/02,1.01034
2010/12/01,1.01868
2010/11/30,1.0237
2010/11/29,1.02153
2010/11/26,1.02253
2010/11/25,1.00998
2010/11/24,1.01627
2010/11/23,1.02245
2010/11/22,1.01597
2010/11/19,1.0207
2010/11/18,1.01817
2010/11/17,1.02203
2010/11/16,1.01506
2010/11/15,1.00903
2010/11/12,1.01021
2010/11/11,1.00307
2010/11/10,1.0045
2010/11/09,0.999
2010/11/08,1.00309
2010/11/05,1.00114
2010/11/04,1.00176
2010/11/03,1.00871
2010/11/02,1.0107
2010/11/01,1.0168
2010/10/29,1.02114
2010/10/28,1.02439
2010/10/27,1.02949
2010/10/26,1.02394
2010/10/25,1.01853
2010/10/22,1.02619
2010/10/21,1.02026
2010/10/20,1.02879
2010/10/19,1.02583
2010/10/18,1.0213
2010/10/15,1.00539
2010/10/14,0.99908
2010/10/13,1.00294
2010/10/12,1.01374
2010/10/11,1.01177
2010/10/08,1.02119
2010/10/07,1.01074
2010/10/06,1.01169
2010/10/05,1.02104
2010/10/04,1.02138
2010/10/01,1.02615
2010/09/30,1.03114
2010/09/29,1.02696
2010/09/28,1.03247
2010/09/27,1.0236
2010/09/24,1.029
2010/09/23,1.03543
2010/09/22,1.0235
2010/09/21,1.03171
2010/09/20,1.03159
2010/09/17,1.0268
2010/09/16,1.02638
2010/09/15,1.02664
2010/09/14,1.02716
2010/09/13,1.03
2010/09/10,1.03088
2010/09/09,1.03272
2010/09/08,1.04828
2010/09/07,1.04253
2010/09/06,1.03464
2010/09/03,1.05665
2010/09/02,1.04938
2010/09/01,1.05938
2010/08/31,1.0638
2010/08/30,1.04984
2010/08/27,1.06088
2010/08/26,1.05767
2010/08/25,1.06628
2010/08/24,1.06328
2010/08/23,1.04628
2010/08/20,1.04838
2010/08/19,1.0268
2010/08/18,1.02764
2010/08/17,1.0374
2010/08/16,1.04259
2010/08/13,1.04141
2010/08/12,1.04754
2010/08/11,1.03749
2010/08/10,1.03518
2010/08/09,1.02867
2010/08/06,1.02209
2010/08/05,1.0132
2010/08/04,1.02287
2010/08/03,1.02436
2010/08/02,1.02287
2010/07/30,1.0327
2010/07/29,1.03328
2010/07/28,1.03071
2010/07/27,1.02678
2010/07/26,1.03588
2010/07/23,1.03792
2010/07/22,1.04187
2010/07/21,1.03644
2010/07/20,1.05754
2010/07/19,1.0548
2010/07/16,1.04508
2010/07/15,1.02908
2010/07/14,1.03574
2010/07/13,1.03254
2010/07/12,1.03293
2010/07/09,1.03442
2010/07/08,1.04368
2010/07/07,1.0592
2010/07/06,1.06042
2010/07/05,1.0648
2010/07/02,1.06312
2010/07/01,1.06457
2010/06/30,1.05044
2010/06/29,1.05034
2010/06/28,1.03388
2010/06/25,1.04108
2010/06/24,1.04469
2010/06/23,1.03333
2010/06/22,1.02243
2010/06/21,1.01695
2010/06/18,1.02837
2010/06/17,1.02467
2010/06/16,1.02883
2010/06/15,1.03027
2010/06/14,1.02727
2010/06/11,1.03084
2010/06/10,1.03661
2010/06/09,1.04321
2010/06/08,1.05309
2010/06/07,1.05962
2010/06/04,1.04436
2010/06/03,1.03799
2010/06/02,1.05156
2010/06/01,1.05027
2010/05/31,1.0477
2010/05/28,1.04603
2010/05/27,1.05418
2010/05/26,1.06345
2010/05/25,1.08026
2010/05/24,1.05947
2010/05/21,1.07282
2010/05/20,1.06373
2010/05/19,1.04621
2010/05/18,1.02671
2010/05/17,1.03587
2010/05/14,1.02722
2010/05/13,1.01533
2010/05/12,1.01608
2010/05/11,1.02622
2010/05/10,1.02159
2010/05/07,1.03789
2010/05/06,1.03261
2010/05/05,1.02755
2010/05/04,1.01834
2010/05/03,1.0139
2010/04/30,1.00481
2010/04/29,1.00272
2010/04/28,1.01185
2010/04/27,1.00376
2010/04/26,0.99917
2010/04/23,1.00195
2010/04/22,1.00015
2010/04/21,0.99716
2010/04/20,1.01327
2010/04/19,1.01846
2010/04/16,1.00236
2010/04/15,0.99941
2010/04/14,0.99677
2010/04/13,1.00346
2010/04/12,1.00758
2010/04/09,1.00613
2010/04/08,1.00835
2010/04/07,1.00172
2010/04/06,1.0009
2010/04/01,1.01143
2010/03/31,1.01543
2010/03/30,1.01847
2010/03/29,1.02071
2010/03/26,1.02756
2010/03/25,1.01752
2010/03/24,1.02347
2010/03/23,1.01908
2010/03/22,1.02353
2010/03/19,1.00871
2010/03/18,1.01032
2010/03/17,1.01061
2010/03/16,1.0161
2010/03/15,1.01948
2010/03/12,1.01802
2010/03/11,1.02709
2010/03/10,1.02638
2010/03/09,1.02987
2010/03/08,1.02642
2010/03/05,1.03159
2010/03/04,1.02948
2010/03/03,1.03343
2010/03/02,1.0355
2010/03/01,1.05479
2010/02/26,1.05777
2010/02/25,1.05849
2010/02/24,1.05603
2010/02/23,1.04382
2010/02/22,1.03721
2010/02/19,1.05148
2010/02/18,1.04496
2010/02/17,1.04226
2010/02/16,1.04506
2010/02/15,1.04748
2010/02/12,1.05136
2010/02/11,1.05715
2010/02/10,1.06747
2010/02/09,1.06686
2010/02/08,1.07057
2010/02/05,1.07355
2010/02/04,1.06167
2010/02/03,1.06064
2010/02/02,1.05963
2010/02/01,1.06864
2010/01/29,1.0686
2010/01/28,1.05893
2010/01/27,1.06403
2010/01/26,1.06248
2010/01/25,1.05971
2010/01/22,1.05348
2010/01/21,1.04807
2010/01/20,1.04522
2010/01/19,1.03109
2010/01/18,1.02589
2010/01/15,1.0263
2010/01/14,1.03148
2010/01/13,1.03447
2010/01/12,1.03301
2010/01/11,1.02753
2010/01/08,1.03559
2010/01/07,1.03391
2010/01/06,1.03972
2010/01/05,1.03531
2010/01/04,1.0392
