2022/10/19,11.19329
2022/10/18,11.08897
2022/10/17,11.28381
2022/10/14,11.32397
2022/10/13,11.30486
2022/10/12,11.3538
2022/10/11,11.31492
2022/10/10,11.29236
2022/10/07,11.08043
2022/10/06,11.02718
2022/10/05,10.93051
2022/10/04,10.9358
2022/10/03,11.13714
2022/09/30,11.18106
2022/09/29,11.28992
2022/09/28,11.416
2022/09/27,11.25394
2022/09/26,11.32853
2022/09/23,11.20853
2022/09/22,11
2022/09/21,11.02504
2022/09/20,10.84899
2022/09/19,10.81011
2022/09/16,10.8038
2022/09/15,10.69856
2022/09/14,10.68569
2022/09/13,10.4283
2022/09/12,10.47445
2022/09/09,10.6123
2022/09/08,10.69787
2022/09/07,10.81315
2022/09/06,10.75997
2022/09/05,10.81552
2022/09/02,10.75733
2022/09/01,10.73721
2022/08/31,10.6788
2022/08/30,10.61391
2022/08/29,10.6429
2022/08/26,10.56291
2022/08/25,10.58425
2022/08/24,10.65633
2022/08/23,10.6843
2022/08/22,10.64894
2022/08/19,10.55252
2022/08/18,10.40509
2022/08/17,10.39128
2022/08/16,10.40026
2022/08/15,10.2972
2022/08/12,10.16189
2022/08/11,10.02128
2022/08/10,10.12222
2022/08/09,10.14999
2022/08/08,10.16276
2022/08/05,10.12147
2022/08/04,10.18957
2022/08/03,10.19355
2022/08/02,10.17165
2022/08/01,10.13075
2022/07/29,10.18582
2022/07/28,10.32306
2022/07/27,10.29797
2022/07/26,10.31657
2022/07/25,10.15758
2022/07/22,10.23827
2022/07/21,10.22257
2022/07/20,10.2565
2022/07/19,10.24539
2022/07/18,10.39039
2022/07/15,10.53216
2022/07/14,10.5966
2022/07/13,10.53144
2022/07/12,10.58454
2022/07/11,10.59051
2022/07/08,10.49542
2022/07/07,10.5334
2022/07/06,10.55812
2022/07/05,10.49864
2022/07/04,10.29727
2022/07/01,10.3389
2022/06/30,10.33022
2022/06/29,10.15955
2022/06/28,10.08834
2022/06/27,10.09393
2022/06/24,10.16154
2022/06/23,10.20204
2022/06/22,10.14048
2022/06/21,10.091
2022/06/20,10.11458
2022/06/17,10.18005
2022/06/16,10.28288
2022/06/15,10.18867
2022/06/14,10.16265
2022/06/13,10.15399
2022/06/10,9.95037
2022/06/09,9.77799
2022/06/08,9.77167
2022/06/07,9.85172
2022/06/06,9.74455
2022/06/03,9.74734
2022/06/02,9.79284
2022/06/01,9.7795
2022/05/31,9.80612
2022/05/30,9.77146
2022/05/27,9.82028
2022/05/26,9.90773
2022/05/25,9.89292
2022/05/24,9.79599
2022/05/23,9.84314
2022/05/20,9.91916
2022/05/19,9.98556
2022/05/18,9.94726
2022/05/17,9.90352
2022/05/16,10.07273
2022/05/13,10.10159
2022/05/12,10.15065
2022/05/11,9.97441
2022/05/10,10.05069
2022/05/09,10.02159
2022/05/06,9.90407
2022/05/05,9.81718
2022/05/04,9.87257
2022/05/03,9.85013
2022/05/02,9.8855
2022/04/29,9.76831
2022/04/28,9.88021
2022/04/27,9.83039
2022/04/26,9.73721
2022/04/25,9.62926
2022/04/22,9.50171
2022/04/21,9.41977
2022/04/20,9.44598
2022/04/19,9.57216
2022/04/14,9.46939
2022/04/13,9.54397
2022/04/12,9.51294
2022/04/11,9.46128
2022/04/08,9.46211
2022/04/07,9.4476
2022/04/06,9.41637
2022/04/05,9.35299
2022/04/04,9.43653
2022/04/01,9.34853
2022/03/31,9.31177
2022/03/30,9.30235
2022/03/29,9.318
2022/03/28,9.50438
2022/03/25,9.40783
2022/03/24,9.43296
2022/03/23,9.46791
2022/03/22,9.41782
2022/03/21,9.42997
2022/03/18,9.4752
2022/03/17,9.45643
2022/03/16,9.47835
2022/03/15,9.57693
2022/03/14,9.61387
2022/03/11,9.68699
2022/03/10,9.66014
2022/03/09,9.7644
2022/03/08,9.98926
2022/03/07,9.9654
2022/03/04,9.87602
2022/03/03,9.72264
2022/03/02,9.71367
2022/03/01,9.57651
2022/02/28,9.47004
2022/02/25,9.43723
2022/02/24,9.61552
2022/02/23,9.314
2022/02/22,9.34544
2022/02/21,9.39628
2022/02/18,9.31795
2022/02/17,9.31662
2022/02/16,9.26512
2022/02/15,9.32032
2022/02/14,9.38123
2022/02/11,9.24323
2022/02/10,9.20316
2022/02/09,9.10144
2022/02/08,9.15437
2022/02/07,9.12754
2022/02/04,9.11244
2022/02/03,9.20344
2022/02/02,9.1716
2022/02/01,9.27513
2022/01/31,9.40212
2022/01/28,9.47387
2022/01/27,9.35932
2022/01/26,9.26603
2022/01/25,9.3202
2022/01/24,9.29211
2022/01/21,9.17695
2022/01/20,9.14694
2022/01/19,9.11662
2022/01/18,9.07759
2022/01/17,9.0371
2022/01/14,8.97039
2022/01/13,8.93134
2022/01/12,9.02726
2022/01/11,9.09271
2022/01/10,9.10391
2022/01/07,9.10241
2022/01/06,9.12638
2022/01/05,9.05955
2022/01/04,9.11499
2022/01/03,9.0672
2021/12/31,9.05024
2021/12/30,9.03812
2021/12/29,9.07794
2021/12/28,9.04845
2021/12/27,9.12748
2021/12/24,9.12786
2021/12/23,9.11008
2021/12/22,9.10592
2021/12/21,9.14697
2021/12/20,9.13776
2021/12/17,9.06911
2021/12/16,9.0389
2021/12/15,9.10717
2021/12/14,9.09099
2021/12/13,9.07164
2021/12/10,9.08924
2021/12/09,9.06816
2021/12/08,9.07275
2021/12/07,9.11274
2021/12/06,9.0979
2021/12/03,9.13869
2021/12/02,9.05353
2021/12/01,9.03836
2021/11/30,9.05219
2021/11/29,9.12584
2021/11/26,9.08688
2021/11/25,9.06709
2021/11/24,9.09379
2021/11/23,8.99991
2021/11/22,8.98032
2021/11/19,8.9575
2021/11/18,8.86338
2021/11/17,8.86382
2021/11/16,8.8224
2021/11/15,8.74432
2021/11/12,8.74258
2021/11/11,8.69529
2021/11/10,8.6213
2021/11/09,8.55101
2021/11/08,8.60074
2021/11/05,8.59736
2021/11/04,8.56254
2021/11/03,8.56106
2021/11/02,8.52995
2021/11/01,8.56236
2021/10/29,8.5331
2021/10/28,8.59915
2021/10/27,8.58337
2021/10/26,8.59425
2021/10/25,8.61846
2021/10/22,8.57678
2021/10/21,8.60574
2021/10/20,8.61654
2021/10/19,8.60575
2021/10/18,8.65003
2021/10/15,8.64403
2021/10/14,8.6311
2021/10/13,8.75238
2021/10/12,8.74756
2021/10/11,8.74054
2021/10/08,8.74216
2021/10/07,8.77469
2021/10/06,8.80506
2021/10/05,8.73212
2021/10/04,8.71734
2021/10/01,8.75328
2021/09/30,8.78167
2021/09/29,8.73777
2021/09/28,8.72864
2021/09/27,8.69704
2021/09/24,8.65091
2021/09/23,8.6554
2021/09/22,8.67576
2021/09/21,8.66953
2021/09/20,8.72453
2021/09/17,8.6208
2021/09/16,8.63028
2021/09/15,8.5724
2021/09/14,8.58752
2021/09/13,8.64626
2021/09/10,8.60088
2021/09/09,8.60475
2021/09/08,8.60235
2021/09/07,8.55944
2021/09/06,8.56861
2021/09/03,8.56705
2021/09/02,8.60535
2021/09/01,8.62833
2021/08/31,8.58754
2021/08/30,8.62749
2021/08/27,8.70207
2021/08/26,8.70341
2021/08/25,8.71234
2021/08/24,8.69591
2021/08/23,8.75346
2021/08/20,8.84783
2021/08/19,8.78916
2021/08/18,8.72072
2021/08/17,8.66389
2021/08/16,8.66531
2021/08/13,8.66919
2021/08/12,8.67902
2021/08/11,8.73059
2021/08/10,8.71396
2021/08/09,8.68761
2021/08/06,8.61209
2021/08/05,8.60616
2021/08/04,8.59708
2021/08/03,8.58603
2021/08/02,8.57395
2021/07/30,8.56682
2021/07/29,8.56355
2021/07/28,8.63581
2021/07/27,8.60711
2021/07/26,8.65784
2021/07/23,8.67723
2021/07/22,8.68323
2021/07/21,8.70268
2021/07/20,8.70786
2021/07/19,8.71435
2021/07/16,8.67887
2021/07/15,8.66585
2021/07/14,8.63952
2021/07/13,8.59659
2021/07/12,8.60682
2021/07/09,8.58939
2021/07/08,8.60855
2021/07/07,8.60561
2021/07/06,8.57324
2021/07/05,8.54837
2021/07/02,8.59198
2021/07/01,8.56092
2021/06/30,8.50808
2021/06/29,8.53886
2021/06/28,8.50277
2021/06/25,8.4605
2021/06/24,8.47294
2021/06/23,8.47527
2021/06/22,8.5396
2021/06/21,8.59162
2021/06/18,8.60061
2021/06/17,8.5369
2021/06/16,8.35393
2021/06/15,8.32986
2021/06/14,8.33421
2021/06/11,8.30045
2021/06/10,8.27296
2021/06/09,8.24887
2021/06/08,8.27081
2021/06/07,8.26772
2021/06/04,8.33952
2021/06/03,8.29942
2021/06/02,8.27983
2021/06/01,8.25808
2021/05/31,8.29522
2021/05/28,8.33882
2021/05/27,8.30448
2021/05/26,8.30019
2021/05/25,8.26305
2021/05/24,8.32542
2021/05/21,8.30489
2021/05/20,8.34328
2021/05/19,8.32239
2021/05/18,8.29349
2021/05/17,8.36301
2021/05/14,8.35313
2021/05/13,8.41983
2021/05/12,8.33966
2021/05/11,8.30978
2021/05/10,8.31909
2021/05/07,8.3973
2021/05/06,8.45274
2021/05/05,8.49188
2021/05/04,8.45795
2021/05/03,8.45259
2021/04/30,8.41251
2021/04/29,8.33729
2021/04/28,8.37697
2021/04/27,8.38873
2021/04/26,8.38295
2021/04/23,8.40419
2021/04/22,8.4042
2021/04/21,8.45448
2021/04/20,8.40495
2021/04/19,8.39094
2021/04/16,8.43109
2021/04/15,8.46266
2021/04/14,8.47818
2021/04/13,8.58356
2021/04/12,8.56645
2021/04/09,8.55695
2021/04/08,8.59707
2021/04/07,8.61326
2021/04/06,8.68693
2021/04/01,8.74791
2021/03/31,8.73203
2021/03/30,8.72779
2021/03/29,8.6732
2021/03/26,8.64921
2021/03/25,8.6371
2021/03/24,8.59493
2021/03/23,8.56795
2021/03/22,8.51752
2021/03/19,8.5563
2021/03/18,8.5267
2021/03/17,8.51222
2021/03/16,8.50143
2021/03/15,8.54446
2021/03/12,8.49644
2021/03/11,8.46311
2021/03/10,8.51875
2021/03/09,8.52194
2021/03/08,8.57939
2021/03/05,8.53267
2021/03/04,8.44233
2021/03/03,8.40388
2021/03/02,8.43033
2021/03/01,8.44877
2021/02/26,8.36466
2021/02/25,8.2346
2021/02/24,8.30669
2021/02/23,8.29671
2021/02/22,8.26795
2021/02/19,8.2651
2021/02/18,8.30255
2021/02/17,8.32612
2021/02/16,8.26937
2021/02/15,8.28057
2021/02/12,8.32656
2021/02/11,8.30394
2021/02/10,8.31203
2021/02/09,8.34914
2021/02/08,8.41148
2021/02/05,8.44763
2021/01/28,8.38252
2021/01/27,8.34894
2021/01/26,8.29408
2021/01/25,8.28053
2021/01/22,8.29207
2021/01/21,8.29289
2021/01/20,8.37807
2021/01/19,8.32122
2021/01/18,8.41678
2021/01/15,8.35643
2021/01/14,8.33545
2021/01/13,8.33331
2021/01/12,8.29521
2021/01/11,8.28414
2021/01/08,8.2049
2021/01/07,8.19282
2021/01/06,8.15797
2021/01/05,8.19575
2021/01/04,8.20551
2020/12/31,8.17725
2020/12/30,8.18891
2020/12/29,8.22579
2020/12/28,8.27154
2020/12/24,8.264
2020/12/23,8.31933
2020/12/22,8.26399
2020/12/21,8.32276
2020/12/18,8.26601
2020/12/17,8.27495
2020/12/16,8.35056
2020/12/15,8.39605
2020/12/14,8.38102
2020/12/11,8.45716
2020/12/10,8.45192
2020/12/09,8.48501
2020/12/08,8.44956
2020/12/07,8.41177
2020/12/04,8.43638
2020/12/03,8.47873
2020/12/02,8.52089
2020/12/01,8.53401
2020/11/30,8.49566
2020/11/27,8.53238
2020/11/26,8.53513
2020/11/25,8.52464
2020/11/24,8.60008
2020/11/23,8.58289
2020/11/20,8.61232
2020/11/19,8.62576
2020/11/18,8.60592
2020/11/17,8.61597
2020/11/16,8.66762
2020/11/13,8.67854
2020/11/12,8.63582
2020/11/11,8.64763
2020/11/10,8.63821
2020/11/09,8.58117
2020/11/06,8.66091
2020/11/05,8.66892
2020/11/04,8.83201
2020/11/03,8.87327
2020/11/02,8.89332
2020/10/30,8.86049
2020/10/29,8.90508
2020/10/28,8.84369
2020/10/27,8.71028
2020/10/26,8.75497
2020/10/23,8.73971
2020/10/22,8.77591
2020/10/21,8.74494
2020/10/20,8.78959
2020/10/19,8.78897
2020/10/16,8.82318
2020/10/15,8.8716
2020/10/14,8.82153
2020/10/13,8.77492
2020/10/12,8.80863
2020/10/09,8.83425
2020/10/08,8.87956
2020/10/07,8.90654
2020/10/06,8.91378
2020/10/05,8.89234
2020/10/02,8.88747
2020/10/01,8.92214
2020/09/30,9.02913
2020/09/29,9.00214
2020/09/28,9.07138
2020/09/25,9.13572
2020/09/24,9.08484
2020/09/23,8.92816
2020/09/22,8.86457
2020/09/21,8.82795
2020/09/18,8.78813
2020/09/17,8.82258
2020/09/16,8.77226
2020/09/15,8.74874
2020/09/14,8.77215
2020/09/11,8.7492
2020/09/10,8.75205
2020/09/09,8.80149
2020/09/08,8.80229
2020/09/07,8.76945
2020/09/04,8.75595
2020/09/03,8.75248
2020/09/02,8.6894
2020/09/01,8.64311
2020/08/31,8.61709
2020/08/28,8.61125
2020/08/27,8.73607
2020/08/26,8.76648
2020/08/25,8.76291
2020/08/24,8.75243
2020/08/21,8.80534
2020/08/20,8.73882
2020/08/19,8.64326
2020/08/18,8.6679
2020/08/17,8.69889
2020/08/14,8.71354
2020/08/13,8.68317
2020/08/12,8.70895
2020/08/11,8.7274
2020/08/10,8.73969
2020/08/07,8.73005
2020/08/06,8.71105
2020/08/05,8.67766
2020/08/04,8.75691
2020/08/03,8.78032
2020/07/31,8.67952
2020/07/30,8.77697
2020/07/29,8.77356
2020/07/28,8.77528
2020/07/27,8.73112
2020/07/24,8.84649
2020/07/23,8.87199
2020/07/22,8.84566
2020/07/21,8.94783
2020/07/20,8.99808
2020/07/17,9.04183
2020/07/16,9.06781
2020/07/15,9.04124
2020/07/14,9.13011
2020/07/13,9.16524
2020/07/10,9.22136
2020/07/09,9.16681
2020/07/08,9.24242
2020/07/07,9.26085
2020/07/06,9.2581
2020/07/03,9.32956
2020/07/02,9.27122
2020/07/01,9.37187
2020/06/30,9.37203
2020/06/29,9.28571
2020/06/26,9.34389
2020/06/25,9.36295
2020/06/24,9.32137
2020/06/23,9.29272
2020/06/22,9.41095
2020/06/19,9.4264
2020/06/18,9.4034
2020/06/17,9.35924
2020/06/16,9.29749
2020/06/15,9.36577
2020/06/12,9.29786
2020/06/11,9.25432
2020/06/10,9.19604
2020/06/09,9.22508
2020/06/08,9.21382
2020/06/05,9.20124
2020/06/04,9.25973
2020/06/03,9.34322
2020/06/02,9.35386
2020/06/01,9.41301
2020/05/29,9.41721
2020/05/28,9.57516
2020/05/27,9.60859
2020/05/26,9.6185
2020/05/25,9.66911
2020/05/22,9.6637
2020/05/21,9.57273
2020/05/20,9.63387
2020/05/19,9.6516
2020/05/18,9.79533
2020/05/15,9.881
2020/05/14,9.86082
2020/05/13,9.73269
2020/05/12,9.75944
2020/05/11,9.79287
2020/05/08,9.76436
2020/05/07,9.84884
2020/05/06,9.83418
2020/05/05,9.86627
2020/05/04,9.88055
2020/04/30,9.80498
2020/04/29,9.9002
2020/04/28,9.8814
2020/04/27,10.02101
2020/04/24,10.06694
2020/04/23,10.10797
2020/04/22,10.06929
2020/04/21,10.10824
2020/04/20,10.00212
2020/04/17,9.99521
2020/04/16,10.00138
2020/04/15,10.02687
2020/04/14,9.95695
2020/04/09,10.07224
2020/04/08,10.06209
2020/04/07,9.9943
2020/04/06,10.17403
2020/04/03,10.15484
2020/04/02,10.0188
2020/04/01,10.00073
2020/03/31,10.09611
2020/03/30,10.00317
2020/03/27,10.03535
2020/03/26,10.02368
2020/03/25,10.12635
2020/03/24,10.22669
2020/03/23,10.26755
2020/03/20,10.3295
2020/03/19,10.32525
2020/03/18,10.08076
2020/03/17,9.97933
2020/03/16,9.76947
2020/03/13,9.76702
2020/03/12,9.69262
2020/03/11,9.45995
2020/03/10,9.48332
2020/03/09,9.3578
2020/03/06,9.36353
2020/03/05,9.46769
2020/03/04,9.48809
2020/03/03,9.49807
2020/03/02,9.53632
2020/02/28,9.72379
2020/02/27,9.64548
2020/02/26,9.72993
2020/02/25,9.74982
2020/02/24,9.78305
2020/02/21,9.78521
2020/02/18,9.75388
2020/02/17,9.72063
2020/02/14,9.6924
2020/02/12,9.61746
2020/02/11,9.66636
2020/02/10,9.65464
2020/02/07,9.61391
2020/02/06,9.59284
2020/02/05,9.56636
2020/02/04,9.61966
2020/02/03,9.65191
2020/01/31,9.66051
2020/01/30,9.64711
2020/01/29,9.61304
2020/01/28,9.63135
2020/01/27,9.59592
2020/01/24,9.54807
2020/01/23,9.50978
2020/01/22,9.51732
2020/01/21,9.49375
2020/01/20,9.5217
2020/01/17,9.49316
2020/01/16,9.46172
2020/01/15,9.47675
2020/01/14,9.46901
2020/01/13,9.4911
2020/01/10,9.51312
2020/01/09,9.48065
2020/01/08,9.45641
2020/01/07,9.43636
2020/01/06,9.40754
2020/01/03,9.40684
2020/01/02,9.35656
2019/12/31,9.29927
2019/12/30,9.33059
2019/12/27,9.35739
2019/12/24,9.43619
2019/12/23,9.43323
2019/12/20,9.40254
2019/12/19,9.4252
2019/12/18,9.40018
2019/12/17,9.38165
2019/12/16,9.34981
2019/12/13,9.35117
2019/12/12,9.38269
2019/12/11,9.44424
2019/12/10,9.53011
2019/12/09,9.52009
2019/12/06,9.48107
2019/12/05,9.50225
2019/12/04,9.52288
2019/12/03,9.54322
2019/12/02,9.56046
2019/11/29,9.56064
2019/11/28,9.58319
2019/11/27,9.59034
2019/11/26,9.60145
2019/11/25,9.64371
2019/11/22,9.60978
2019/11/21,9.60851
2019/11/20,9.6695
2019/11/19,9.61226
2019/11/18,9.63774
2019/11/15,9.65362
2019/11/14,9.72447
2019/11/13,9.75404
2019/11/12,9.7143
2019/11/11,9.69885
2019/11/08,9.69956
2019/11/07,9.59222
2019/11/06,9.59784
2019/11/05,9.6267
2019/11/04,9.59267
2019/11/01,9.60526
2019/10/31,9.63762
2019/10/30,9.72537
2019/10/29,9.72717
2019/10/28,9.69631
2019/10/25,9.67363
2019/10/24,9.61206
2019/10/23,9.65432
2019/10/22,9.64088
2019/10/21,9.60449
2019/10/18,9.66816
2019/10/17,9.7278
2019/10/16,9.82839
2019/10/15,9.83238
2019/10/14,9.838
2019/10/11,9.82052
2019/10/10,9.8291
2019/10/09,9.94199
2019/10/08,9.89468
2019/10/07,9.90721
2019/10/04,9.84653
2019/10/03,9.89225
2019/10/02,9.89638
2019/10/01,9.91402
2019/09/30,9.82257
2019/09/27,9.78601
2019/09/26,9.74566
2019/09/25,9.72728
2019/09/24,9.70308
2019/09/23,9.75357
2019/09/20,9.71106
2019/09/19,9.68853
2019/09/18,9.70759
2019/09/17,9.70343
2019/09/16,9.67301
2019/09/13,9.5967
2019/09/12,9.69762
2019/09/11,9.6849
2019/09/10,9.73234
2019/09/09,9.66174
2019/09/06,9.64451
2019/09/05,9.66043
2019/09/04,9.75948
2019/09/03,9.88644
2019/09/02,9.7985
2019/08/30,9.82195
2019/08/29,9.73537
2019/08/28,9.7036
2019/08/27,9.64067
2019/08/26,9.67209
2019/08/23,9.68504
2019/08/22,9.67139
2019/08/21,9.63464
2019/08/20,9.71948
2019/08/19,9.66117
2019/08/16,9.67136
2019/08/15,9.62377
2019/08/14,9.59179
2019/08/13,9.54268
2019/08/12,9.58683
2019/08/09,9.55278
2019/08/08,9.6069
2019/08/07,9.61194
2019/08/06,9.58854
2019/08/05,9.62288
2019/08/02,9.65451
2019/08/01,9.6827
2019/07/31,9.56372
2019/07/30,9.54393
2019/07/29,9.51282
2019/07/26,9.47971
2019/07/25,9.44193
2019/07/24,9.4518
2019/07/23,9.45986
2019/07/22,9.40169
2019/07/19,9.37066
2019/07/18,9.36519
2019/07/17,9.37744
2019/07/16,9.39187
2019/07/15,9.36756
2019/07/12,9.37661
2019/07/11,9.37599
2019/07/10,9.4557
2019/07/09,9.49023
2019/07/08,9.44922
2019/07/05,9.37611
2019/07/04,9.32034
2019/07/03,9.31152
2019/07/02,9.34121
2019/07/01,9.29157
2019/06/28,9.28234
2019/06/27,9.27775
2019/06/26,9.27962
2019/06/25,9.24833
2019/06/24,9.30999
2019/06/21,9.39449
2019/06/20,9.4055
2019/06/19,9.53583
2019/06/18,9.5122
2019/06/17,9.4797
2019/06/14,9.4443
2019/06/13,9.47542
2019/06/12,9.43213
2019/06/11,9.4371
2019/06/10,9.41996
2019/06/07,9.45285
2019/06/06,9.42437
2019/06/05,9.43902
2019/06/04,9.45037
2019/06/03,9.49307
2019/05/31,9.54085
2019/05/30,9.5494
2019/05/29,9.5969
2019/05/28,9.54834
2019/05/27,9.56849
2019/05/24,9.57343
2019/05/23,9.63938
2019/05/22,9.63208
2019/05/21,9.65353
2019/05/20,9.64162
2019/05/17,9.63659
2019/05/16,9.60368
2019/05/15,9.62962
2019/05/14,9.60182
2019/05/13,9.63299
2019/05/10,9.62671
2019/05/09,9.64648
2019/05/08,9.59597
2019/05/07,9.57935
2019/05/06,9.57746
2019/05/03,9.59597
2019/05/02,9.52997
2019/04/30,9.4803
2019/04/29,9.51686
2019/04/26,9.49771
2019/04/25,9.55632
2019/04/24,9.36836
2019/04/23,9.34371
2019/04/18,9.312
2019/04/17,9.23883
2019/04/16,9.2559
2019/04/15,9.24671
2019/04/12,9.25607
2019/04/11,9.2658
2019/04/10,9.25614
2019/04/09,9.24448
2019/04/08,9.27663
2019/04/05,9.28158
2019/04/04,9.27667
2019/04/03,9.27688
2019/04/02,9.32304
2019/04/01,9.27376
2019/03/29,9.25501
2019/03/28,9.33856
2019/03/27,9.26188
2019/03/26,9.23417
2019/03/25,9.22296
2019/03/22,9.26588
2019/03/21,9.15851
2019/03/20,9.18707
2019/03/19,9.19924
2019/03/18,9.22046
2019/03/15,9.28228
2019/03/14,9.32917
2019/03/13,9.33734
2019/03/12,9.37605
2019/03/11,9.40964
2019/03/08,9.47389
2019/03/07,9.3714
2019/03/06,9.3211
2019/03/05,9.31441
2019/03/04,9.30961
2019/03/01,9.22455
2019/02/28,9.18395
2019/02/27,9.26076
2019/02/26,9.31767
2019/02/25,9.31686
2019/02/22,9.35965
2019/02/21,9.35247
2019/02/20,9.31961
2019/02/19,9.38551
2019/02/18,9.24126
2019/02/15,9.30844
2019/02/14,9.29846
2019/02/13,9.20681
2019/02/12,9.27098
2019/02/11,9.27208
2019/02/08,9.25198
2019/02/07,9.23138
2019/02/06,9.15025
2019/02/05,9.10426
2019/02/04,9.09681
2019/02/01,9.05571
2019/01/31,9.02942
2019/01/30,9.08592
2019/01/29,9.06216
2019/01/28,9.0649
2019/01/25,9.07633
2019/01/24,9.06825
2019/01/23,9.01293
2019/01/22,9.031
2019/01/21,9.02262
2019/01/18,8.99097
2019/01/17,9.0258
2019/01/16,8.99886
2019/01/15,8.96385
2019/01/14,8.93808
2019/01/11,8.87349
2019/01/10,8.86892
2019/01/09,8.9278
2019/01/08,8.90341
2019/01/07,8.93272
2019/01/04,8.98535
2019/01/03,9.05957
2019/01/02,8.96245
2018/12/31,8.95616
2018/12/28,8.97267
2018/12/27,9.02918
2018/12/24,9.06627
2018/12/21,9.00061
2018/12/20,8.9538
2018/12/19,9.06559
2018/12/18,9.03226
2018/12/17,9.05784
2018/12/14,9.0926
2018/12/13,9.05989
2018/12/12,9.13053
2018/12/11,9.04913
2018/12/10,9.0442
2018/12/07,9.02867
2018/12/06,9.01727
2018/12/05,8.96186
2018/12/04,8.96599
2018/12/03,9.03239
2018/11/30,9.08487
2018/11/29,9.06033
2018/11/28,9.08756
2018/11/27,9.07689
2018/11/26,9.05835
2018/11/23,9.07708
2018/11/22,9.03578
2018/11/21,9.04049
2018/11/20,9.03012
2018/11/19,8.99755
2018/11/16,9.0446
2018/11/15,9.07147
2018/11/14,9.09039
2018/11/13,9.08303
2018/11/12,9.11718
2018/11/09,9.04707
2018/11/08,8.97479
2018/11/07,8.99391
2018/11/06,9.05408
2018/11/05,9.0825
2018/11/02,9.03241
2018/11/01,9.05451
2018/10/31,9.19023
2018/10/30,9.16286
2018/10/29,9.13013
2018/10/26,9.16924
2018/10/25,9.10389
2018/10/24,9.09562
2018/10/23,9.02649
2018/10/22,8.98817
2018/10/19,9.01116
2018/10/18,8.98131
2018/10/17,8.94605
2018/10/16,8.90351
2018/10/15,8.97332
2018/10/12,8.95049
2018/10/11,8.99525
2018/10/10,9.11304
2018/10/09,9.1338
2018/10/08,9.10115
2018/10/05,9.07683
2018/10/04,9.04321
2018/10/03,8.98814
2018/10/02,8.99376
2018/10/01,8.90057
2018/09/28,8.90549
2018/09/27,8.81592
2018/09/26,8.84067
2018/09/25,8.78959
2018/09/24,8.79665
2018/09/21,8.78604
2018/09/20,8.78154
2018/09/19,8.90357
2018/09/18,8.90647
2018/09/17,8.95613
2018/09/14,9.02216
2018/09/13,8.98967
2018/09/12,9.041
2018/09/11,9.0591
2018/09/10,9.04701
2018/09/07,9.05407
2018/09/06,9.10332
2018/09/05,9.10102
2018/09/04,9.13726
2018/09/03,9.11414
2018/08/31,9.11553
2018/08/30,9.10366
2018/08/29,9.17007
2018/08/28,9.10615
2018/08/27,9.12018
2018/08/24,9.13385
2018/08/23,9.08395
2018/08/22,9.04571
2018/08/21,9.13911
2018/08/20,9.18722
2018/08/17,9.2121
2018/08/16,9.20519
2018/08/15,9.18938
2018/08/14,9.09328
2018/08/13,9.12856
2018/08/10,9.10073
2018/08/09,8.96015
2018/08/08,8.9635
2018/08/07,8.8989
2018/08/06,8.92662
2018/08/03,8.90516
2018/08/02,8.86657
2018/08/01,8.806
2018/07/31,8.73978
2018/07/30,8.77294
2018/07/27,8.86108
2018/07/26,8.76903
2018/07/25,8.80453
2018/07/24,8.82266
2018/07/23,8.83305
2018/07/20,8.90386
2018/07/19,8.93726
2018/07/18,8.88123
2018/07/17,8.79841
2018/07/16,8.81681
2018/07/13,8.91179
2018/07/12,8.86516
2018/07/11,8.75543
2018/07/10,8.74567
2018/07/09,8.69862
2018/07/06,8.77772
2018/07/05,8.74225
2018/07/04,8.80519
2018/07/03,8.84038
2018/07/02,8.97758
2018/06/29,8.96638
2018/06/28,8.99517
2018/06/27,8.91038
2018/06/26,8.85735
2018/06/25,8.85667
2018/06/22,8.83843
2018/06/21,8.94852
2018/06/20,8.87502
2018/06/19,8.9498
2018/06/18,8.80246
2018/06/15,8.77139
2018/06/14,8.66155
2018/06/13,8.61612
2018/06/12,8.61469
2018/06/11,8.69635
2018/06/08,8.75191
2018/06/07,8.66129
2018/06/06,8.73438
2018/06/05,8.77927
2018/06/04,8.74014
2018/06/01,8.82192
2018/05/31,8.77707
2018/05/30,8.83623
2018/05/29,8.92654
2018/05/28,8.79191
2018/05/25,8.72994
2018/05/24,8.7413
2018/05/23,8.78937
2018/05/22,8.66186
2018/05/21,8.7214
2018/05/18,8.74909
2018/05/17,8.72088
2018/05/16,8.73243
2018/05/15,8.66179
2018/05/14,8.58842
2018/05/11,8.60022
2018/05/10,8.68412
2018/05/09,8.71058
2018/05/08,8.82561
2018/05/07,8.85423
2018/05/04,8.8324
2018/05/03,8.84298
2018/05/02,8.84268
2018/04/30,8.69219
2018/04/27,8.714
2018/04/26,8.58629
2018/04/25,8.55314
2018/04/24,8.49709
2018/04/23,8.47875
2018/04/20,8.42497
2018/04/19,8.38136
2018/04/18,8.39789
2018/04/17,8.40924
2018/04/16,8.41108
2018/04/13,8.42721
2018/04/12,8.41703
2018/04/11,8.30612
2018/04/10,8.32093
2018/04/09,8.36801
2018/04/06,8.41777
2018/04/05,8.41272
2018/04/04,8.40461
2018/04/03,8.36594
2018/03/29,8.34697
2018/03/28,8.29166
2018/03/27,8.25436
2018/03/26,8.20788
2018/03/23,8.25717
2018/03/22,8.21695
2018/03/21,8.21122
2018/03/20,8.19184
2018/03/19,8.19222
2018/03/16,8.19405
2018/03/15,8.17948
2018/03/14,8.18619
2018/03/13,8.20553
2018/03/12,8.25581
2018/03/09,8.27012
2018/03/08,8.22583
2018/03/07,8.24539
2018/03/06,8.20522
2018/03/05,8.26221
2018/03/02,8.2556
2018/03/01,8.31361
2018/02/28,8.2629
2018/02/27,8.19446
2018/02/26,8.15219
2018/02/23,8.17814
2018/02/22,8.14296
2018/02/21,8.09357
2018/02/20,8.07844
2018/02/19,7.98993
2018/02/16,7.95411
2018/02/15,7.93885
2018/02/14,8.04219
2018/02/13,8.0587
2018/02/12,8.08897
2018/02/09,8.10299
2018/02/08,8.0777
2018/02/07,7.99036
2018/02/06,8.0043
2018/02/05,7.90498
2018/02/02,7.86287
2018/02/01,7.86821
2018/01/31,7.83856
2018/01/30,7.87577
2018/01/29,7.90233
2018/01/26,7.88075
2018/01/25,7.91392
2018/01/24,7.96009
2018/01/23,8.03682
2018/01/22,8.03497
2018/01/19,8.02391
2018/01/18,8.03474
2018/01/17,8.06564
2018/01/16,8.03173
2018/01/15,8.00969
2018/01/12,8.10332
2018/01/11,8.17201
2018/01/10,8.18129
2018/01/09,8.23734
2018/01/08,8.19886
2018/01/05,8.16256
2018/01/04,8.1409
2018/01/03,8.17184
2018/01/02,8.14613
2017/12/29,8.20795
2017/12/28,8.24971
2017/12/27,8.29987
2017/12/22,8.3799
2017/12/21,8.41926
2017/12/20,8.36876
2017/12/19,8.41648
2017/12/18,8.44324
2017/12/15,8.43495
2017/12/14,8.39916
2017/12/13,8.4407
2017/12/12,8.44195
2017/12/11,8.49101
2017/12/08,8.49685
2017/12/07,8.44714
2017/12/06,8.40019
2017/12/05,8.41394
2017/12/04,8.39739
2017/12/01,8.3708
2017/11/30,8.37269
2017/11/29,8.38336
2017/11/28,8.33277
2017/11/27,8.30489
2017/11/24,8.30496
2017/11/23,8.30858
2017/11/22,8.41076
2017/11/21,8.48891
2017/11/20,8.45302
2017/11/17,8.43095
2017/11/16,8.39929
2017/11/15,8.42297
2017/11/14,8.42103
2017/11/13,8.38238
2017/11/10,8.36022
2017/11/09,8.37102
2017/11/08,8.39413
2017/11/07,8.42787
2017/11/06,8.42821
2017/11/03,8.39942
2017/11/02,8.38257
2017/11/01,8.3995
2017/10/31,8.37042
2017/10/30,8.36118
2017/10/27,8.39207
2017/10/26,8.27176
2017/10/25,8.21875
2017/10/24,8.20296
2017/10/23,8.21465
2017/10/20,8.16086
2017/10/19,8.14982
2017/10/18,8.16623
2017/10/17,8.14806
2017/10/16,8.12378
2017/10/13,8.13294
2017/10/12,8.0873
2017/10/11,8.05689
2017/10/10,8.07536
2017/10/09,8.11749
2017/10/06,8.15051
2017/10/05,8.10722
2017/10/04,8.09578
2017/10/03,8.14047
2017/10/02,8.17907
2017/09/29,8.17296
2017/09/28,8.13381
2017/09/27,8.16668
2017/09/26,8.09986
2017/09/25,8.03278
2017/09/22,7.97241
2017/09/21,7.99118
2017/09/20,7.93995
2017/09/19,7.95698
2017/09/18,7.96326
2017/09/15,7.946
2017/09/14,8.0223
2017/09/13,7.9702
2017/09/12,7.99087
2017/09/11,7.97741
2017/09/08,7.90945
2017/09/07,7.95781
2017/09/06,7.96329
2017/09/05,7.96384
2017/09/04,7.95741
2017/09/01,7.95117
2017/08/31,8.01844
2017/08/30,7.98045
2017/08/29,7.91526
2017/08/28,7.97945
2017/08/25,8.04988
2017/08/24,8.05675
2017/08/23,8.09009
2017/08/22,8.10381
2017/08/21,8.09225
2017/08/18,8.12351
2017/08/17,8.12926
2017/08/16,8.09735
2017/08/15,8.07519
2017/08/14,8.10927
2017/08/11,8.16685
2017/08/10,8.15547
2017/08/09,8.20135
2017/08/08,8.12426
2017/08/07,8.1525
2017/08/04,8.09344
2017/08/03,8.10228
2017/08/02,8.10872
2017/08/01,8.09033
2017/07/31,8.13703
2017/07/28,8.12985
2017/07/27,8.19395
2017/07/26,8.21925
2017/07/25,8.17043
2017/07/24,8.23171
2017/07/21,8.26258
2017/07/20,8.33069
2017/07/19,8.28908
2017/07/18,8.27849
2017/07/17,8.32315
2017/07/14,8.35155
2017/07/13,8.35859
2017/07/12,8.41558
2017/07/11,8.45156
2017/07/10,8.44603
2017/07/07,8.42578
2017/07/06,8.45938
2017/07/05,8.49528
2017/07/04,8.52066
2017/07/03,8.4755
2017/06/30,8.44707
2017/06/29,8.51792
2017/06/28,8.59604
2017/06/27,8.66093
2017/06/26,8.72602
2017/06/23,8.74429
2017/06/22,8.7459
2017/06/21,8.77438
2017/06/20,8.74641
2017/06/19,8.70104
2017/06/16,8.71944
2017/06/15,8.71198
2017/06/14,8.69838
2017/06/13,8.68708
2017/06/12,8.71607
2017/06/09,8.73434
2017/06/08,8.71716
2017/06/07,8.73255
2017/06/06,8.66077
2017/06/05,8.66281
2017/06/02,8.68619
2017/06/01,8.71379
2017/05/31,8.69423
2017/05/30,8.74322
2017/05/29,8.69217
2017/05/26,8.68837
2017/05/25,8.67442
2017/05/24,8.70348
2017/05/23,8.68506
2017/05/22,8.7072
2017/05/19,8.75687
2017/05/18,8.77482
2017/05/17,8.77692
2017/05/16,8.79058
2017/05/15,8.81635
2017/05/12,8.88865
2017/05/11,8.88379
2017/05/10,8.91288
2017/05/09,8.88115
2017/05/08,8.83068
2017/05/05,8.83724
2017/05/04,8.82566
2017/05/03,8.81702
2017/05/02,8.8218
2017/04/28,8.81226
2017/04/27,8.84514
2017/04/26,8.77674
2017/04/25,8.81554
2017/04/24,8.83343
2017/04/21,9.0101
2017/04/20,8.95328
2017/04/19,8.96923
2017/04/18,8.97847
2017/04/13,9.01411
2017/04/12,9.01018
2017/04/11,9.03495
2017/04/10,9.0847
2017/04/07,9.02756
2017/04/06,8.99072
2017/04/05,8.96685
2017/04/04,9.02263
2017/04/03,8.92458
2017/03/31,8.9161
2017/03/30,8.90593
2017/03/29,8.88584
2017/03/28,8.77779
2017/03/27,8.77059
2017/03/24,8.82675
2017/03/23,8.81652
2017/03/22,8.80031
2017/03/21,8.78754
2017/03/20,8.84282
2017/03/17,8.81159
2017/03/16,8.84188
2017/03/15,9.00047
2017/03/14,8.93312
2017/03/13,8.9698
2017/03/10,9.03055
2017/03/09,9.05364
2017/03/08,9.02075
2017/03/07,9.00321
2017/03/06,9.00066
2017/03/03,9.02745
2017/03/02,9.05412
2017/03/01,9.04472
2017/02/28,9.0285
2017/02/27,9.02503
2017/02/24,8.97238
2017/02/23,8.98279
2017/02/22,9.00789
2017/02/21,8.98643
2017/02/20,8.9285
2017/02/17,8.87117
2017/02/16,8.89486
2017/02/15,8.95386
2017/02/14,8.91019
2017/02/13,8.91711
2017/02/10,8.92586
2017/02/09,8.86972
2017/02/08,8.86292
2017/02/07,8.8815
2017/02/06,8.83168
2017/02/03,8.79062
2017/02/02,8.71419
2017/02/01,8.73522
2017/01/31,8.78708
2017/01/30,8.87959
2017/01/27,8.85011
2017/01/26,8.84673
2017/01/25,8.82742
2017/01/24,8.83746
2017/01/23,8.87662
2017/01/20,8.94216
2017/01/19,8.94994
2017/01/18,8.93923
2017/01/17,8.89489
2017/01/16,8.95129
2017/01/13,8.89926
2017/01/12,8.90439
2017/01/11,9.11121
2017/01/10,9.04656
2017/01/09,9.08454
2017/01/06,9.02021
2017/01/05,9.07923
2017/01/04,9.12504
2017/01/03,9.18132
2017/01/02,9.11973
2016/12/30,9.06223
2016/12/29,9.14426
2016/12/28,9.20902
2016/12/27,9.2473
2016/12/23,9.23416
2016/12/22,9.19265
2016/12/21,9.24911
2016/12/20,9.38489
2016/12/19,9.384
2016/12/16,9.37733
2016/12/15,9.37595
2016/12/14,9.16507
2016/12/13,9.15928
2016/12/12,9.19639
2016/12/09,9.17795
2016/12/08,9.03438
2016/12/07,9.10857
2016/12/06,9.13266
2016/12/05,9.15857
2016/12/02,9.2072
2016/12/01,9.21568
2016/11/30,9.17142
2016/11/29,9.23487
2016/11/28,9.23668
2016/11/25,9.23716
2016/11/24,9.25844
2016/11/23,9.23062
2016/11/22,9.22794
2016/11/21,9.23196
2016/11/18,9.24292
2016/11/17,9.17869
2016/11/16,9.18782
2016/11/15,9.15095
2016/11/14,9.10225
2016/11/11,9.04347
2016/11/10,9.095
2016/11/09,9.07503
2016/11/08,8.98578
2016/11/07,9.02486
2016/11/04,8.98134
2016/11/03,8.95409
2016/11/02,8.91483
2016/11/01,8.96145
2016/10/31,9.01242
2016/10/28,9.02948
2016/10/27,8.98234
2016/10/26,8.9124
2016/10/25,8.93856
2016/10/24,8.91103
2016/10/21,8.90254
2016/10/20,8.83789
2016/10/19,8.83323
2016/10/18,8.82607
2016/10/17,8.82554
2016/10/14,8.82276
2016/10/13,8.82089
2016/10/12,8.83103
2016/10/11,8.78401
2016/10/10,8.65753
2016/10/07,8.64767
2016/10/06,8.61153
2016/10/05,8.58621
2016/10/04,8.60183
2016/10/03,8.53774
2016/09/30,8.6202
2016/09/29,8.57482
2016/09/28,8.56704
2016/09/27,8.57513
2016/09/26,8.5309
2016/09/23,8.54468
2016/09/22,8.52758
2016/09/21,8.58278
2016/09/20,8.5625
2016/09/19,8.57035
2016/09/16,8.51327
2016/09/15,8.48587
2016/09/14,8.49911
2016/09/13,8.48048
2016/09/12,8.51479
2016/09/09,8.43273
2016/09/08,8.40519
2016/09/07,8.45982
2016/09/06,8.54557
2016/09/05,8.55844
2016/09/02,8.57545
2016/09/01,8.5672
2016/08/31,8.54824
2016/08/30,8.50716
2016/08/29,8.49955
2016/08/26,8.40593
2016/08/25,8.41063
2016/08/24,8.39058
2016/08/23,8.34933
2016/08/22,8.38714
2016/08/19,8.38213
2016/08/18,8.3702
2016/08/17,8.42063
2016/08/16,8.36937
2016/08/15,8.46163
2016/08/12,8.45125
2016/08/11,8.45602
2016/08/10,8.47738
2016/08/09,8.56427
2016/08/08,8.59114
2016/08/05,8.51945
2016/08/04,8.54032
2016/08/03,8.49518
2016/08/02,8.53542
2016/08/01,8.58411
2016/07/29,8.60911
2016/07/28,8.61109
2016/07/27,8.6771
2016/07/26,8.65
2016/07/25,8.65689
2016/07/22,8.62348
2016/07/21,8.60064
2016/07/20,8.59748
2016/07/19,8.6019
2016/07/18,8.56591
2016/07/15,8.49712
2016/07/14,8.46222
2016/07/13,8.52312
2016/07/12,8.51695
2016/07/11,8.57634
2016/07/08,8.5533
2016/07/07,8.55523
2016/07/06,8.55281
2016/07/05,8.46304
2016/07/04,8.4315
2016/07/01,8.43287
2016/06/30,8.48874
2016/06/29,8.50415
2016/06/28,8.5275
2016/06/27,8.55155
2016/06/24,8.54961
2016/06/23,8.16841
2016/06/22,8.28397
2016/06/21,8.24112
2016/06/20,8.23667
2016/06/17,8.33615
2016/06/16,8.40478
2016/06/15,8.32947
2016/06/14,8.30147
2016/06/13,8.27698
2016/06/10,8.24779
2016/06/09,8.1489
2016/06/08,8.11065
2016/06/07,8.12813
2016/06/06,8.14697
2016/06/03,8.3024
2016/06/02,8.30756
2016/06/01,8.30464
2016/05/31,8.32975
2016/05/30,8.33378
2016/05/27,8.29808
2016/05/26,8.31572
2016/05/25,8.31249
2016/05/24,8.33274
2016/05/23,8.3317
2016/05/20,8.34192
2016/05/19,8.36912
2016/05/18,8.29196
2016/05/17,8.26233
2016/05/16,8.24532
2016/05/13,8.22039
2016/05/12,8.16094
2016/05/11,8.14445
2016/05/10,8.15631
2016/05/09,8.13778
2016/05/06,8.117
2016/05/05,8.09293
2016/05/04,8.05128
2016/05/03,7.97865
2016/05/02,7.98773
2016/04/29,8.04078
2016/04/28,8.07915
2016/04/27,8.10519
2016/04/26,8.11066
2016/04/25,8.12944
2016/04/22,8.11338
2016/04/21,8.08851
2016/04/20,8.0537
2016/04/19,8.09072
2016/04/18,8.13267
2016/04/15,8.14445
2016/04/14,8.139
2016/04/13,8.12179
2016/04/12,8.08512
2016/04/11,8.14881
2016/04/08,8.17812
2016/04/07,8.14634
2016/04/06,8.17114
2016/04/05,8.14287
2016/04/04,8.12768
2016/04/01,8.08371
2016/03/31,8.10303
2016/03/30,8.16143
2016/03/29,8.28033
2016/03/24,8.30984
2016/03/23,8.26381
2016/03/22,8.23359
2016/03/21,8.21027
2016/03/18,8.22529
2016/03/17,8.21634
2016/03/16,8.3365
2016/03/15,8.31947
2016/03/14,8.34697
2016/03/11,8.39405
2016/03/10,8.50705
2016/03/09,8.46806
2016/03/08,8.49909
2016/03/07,8.51904
2016/03/04,8.50912
2016/03/03,8.5882
2016/03/02,8.60216
2016/03/01,8.61387
2016/02/29,8.56163
2016/02/26,8.51445
2016/02/25,8.50712
2016/02/24,8.52709
2016/02/23,8.49936
2016/02/22,8.48649
2016/02/19,8.45692
2016/02/18,8.48196
2016/02/17,8.50602
2016/02/16,8.48486
2016/02/15,8.48497
2016/02/12,8.38581
2016/02/11,8.38883
2016/02/10,8.45358
2016/02/09,8.4676
2016/02/08,8.49536
2016/02/05,8.42037
2016/02/04,8.39158
2016/02/03,8.55941
2016/02/02,8.55729
2016/02/01,8.52949
2016/01/29,8.56071
2016/01/28,8.53398
2016/01/27,8.50395
2016/01/26,8.54886
2016/01/25,8.57679
2016/01/22,8.5805
2016/01/21,8.58597
2016/01/20,8.56615
2016/01/19,8.57849
2016/01/18,8.57611
2016/01/15,8.5646
2016/01/14,8.52382
2016/01/13,8.54845
2016/01/12,8.53479
2016/01/11,8.5158
2016/01/08,8.5296
2016/01/07,8.53699
2016/01/06,8.59523
2016/01/05,8.58319
2016/01/04,8.41402
2015/12/31,8.4408
2015/12/30,8.40912
2015/12/29,8.36076
2015/12/28,8.38013
2015/12/24,8.39499
2015/12/23,8.43624
2015/12/22,8.4569
2015/12/21,8.54922
2015/12/18,8.55113
2015/12/17,8.58057
2015/12/16,8.50553
2015/12/15,8.45159
2015/12/14,8.52499
2015/12/11,8.49379
2015/12/10,8.47674
2015/12/09,8.46239
2015/12/08,8.48147
2015/12/07,8.52882
2015/12/04,8.50523
2015/12/03,8.64493
2015/12/02,8.68187
2015/12/01,8.69038
2015/11/30,8.70309
2015/11/27,8.73535
2015/11/26,8.74067
2015/11/25,8.75845
2015/11/24,8.69608
2015/11/23,8.70059
2015/11/20,8.68226
2015/11/19,8.71049
2015/11/18,8.72108
2015/11/17,8.7388
2015/11/16,8.69216
2015/11/13,8.67596
2015/11/12,8.67136
2015/11/11,8.70567
2015/11/10,8.69219
2015/11/09,8.66537
2015/11/06,8.63761
2015/11/05,8.62961
2015/11/04,8.56543
2015/11/03,8.55822
2015/11/02,8.50644
2015/10/30,8.52011
2015/10/29,8.56121
2015/10/28,8.42201
2015/10/27,8.5042
2015/10/26,8.52003
2015/10/23,8.48782
2015/10/22,8.32732
2015/10/21,8.29831
2015/10/20,8.28585
2015/10/19,8.28907
2015/10/16,8.23565
2015/10/15,8.15403
2015/10/14,8.12585
2015/10/13,8.13786
2015/10/12,8.17876
2015/10/09,8.15728
2015/10/08,8.24507
2015/10/07,8.24818
2015/10/06,8.2966
2015/10/05,8.32262
2015/10/02,8.37025
2015/10/01,8.40617
2015/09/30,8.39802
2015/09/29,8.4311
2015/09/28,8.46258
2015/09/25,8.42229
2015/09/24,8.38822
2015/09/23,8.41238
2015/09/22,8.374
2015/09/21,8.29333
2015/09/18,8.16604
2015/09/17,8.24938
2015/09/16,8.30522
2015/09/15,8.24002
2015/09/14,8.25741
2015/09/11,8.31638
2015/09/10,8.4042
2015/09/09,8.44097
2015/09/08,8.43827
2015/09/07,8.45119
2015/09/04,8.45277
2015/09/03,8.3629
2015/09/02,8.43785
2015/09/01,8.45087
2015/08/31,8.47365
2015/08/28,8.42678
2015/08/27,8.48112
2015/08/26,8.46843
2015/08/25,8.31331
2015/08/24,8.26607
2015/08/21,8.44907
2015/08/20,8.49629
2015/08/19,8.56843
2015/08/18,8.52459
2015/08/17,8.50901
2015/08/14,8.44222
2015/08/13,8.50842
2015/08/12,8.58942
2015/08/11,8.67056
2015/08/10,8.75529
2015/08/07,8.75094
2015/08/06,8.76114
2015/08/05,8.70863
2015/08/04,8.60749
2015/08/03,8.66268
2015/07/31,8.62788
2015/07/30,8.64573
2015/07/29,8.59166
2015/07/28,8.57478
2015/07/27,8.54856
2015/07/24,8.61715
2015/07/23,8.57551
2015/07/22,8.60723
2015/07/21,8.62087
2015/07/20,8.61067
2015/07/17,8.58068
2015/07/16,8.53842
2015/07/15,8.49941
2015/07/14,8.52869
2015/07/13,8.49706
2015/07/10,8.41314
2015/07/09,8.46997
2015/07/08,8.52023
2015/07/07,8.53426
2015/07/06,8.5119
2015/07/03,8.44683
2015/07/02,8.4475
2015/07/01,8.32973
2015/06/30,8.23577
2015/06/29,8.30387
2015/06/26,8.27004
2015/06/25,8.23452
2015/06/24,8.21529
2015/06/23,8.21769
2015/06/22,8.1316
2015/06/19,8.15798
2015/06/18,8.08137
2015/06/17,8.17315
2015/06/16,8.19831
2015/06/15,8.18149
2015/06/12,8.20321
2015/06/11,8.24056
2015/06/10,8.30003
2015/06/09,8.31496
2015/06/08,8.39258
2015/06/05,8.32742
2015/06/04,8.25272
2015/06/03,8.43273
2015/06/02,8.50576
2015/06/01,8.56488
2015/05/29,8.50246
2015/05/28,8.50009
2015/05/27,8.53429
2015/05/26,8.40747
2015/05/25,8.41911
2015/05/22,8.28341
2015/05/21,8.31878
2015/05/20,8.35825
2015/05/19,8.33032
2015/05/18,8.23918
2015/05/15,8.32212
2015/05/14,8.22375
2015/05/13,8.31183
2015/05/12,8.28784
2015/05/11,8.31897
2015/05/08,8.28313
2015/05/07,8.22211
2015/05/06,8.28727
2015/05/05,8.39111
2015/05/04,8.3698
2015/04/30,8.31574
2015/04/29,8.42783
2015/04/28,8.58497
2015/04/27,8.64554
2015/04/24,8.66741
2015/04/23,8.70683
2015/04/22,8.6554
2015/04/21,8.67879
2015/04/20,8.67462
2015/04/17,8.59266
2015/04/16,8.64588
2015/04/15,8.80187
2015/04/14,8.82573
2015/04/13,8.84278
2015/04/10,8.8298
2015/04/09,8.67097
2015/04/08,8.61674
2015/04/07,8.64202
2015/04/02,8.62835
2015/04/01,8.60446
2015/03/31,8.63472
2015/03/30,8.59447
2015/03/27,8.58309
2015/03/26,8.49813
2015/03/25,8.46846
2015/03/24,8.48301
2015/03/23,8.50477
2015/03/20,8.63085
2015/03/19,8.6913
2015/03/18,8.8109
2015/03/17,8.62896
2015/03/16,8.67027
2015/03/13,8.65664
2015/03/12,8.58768
2015/03/11,8.62205
2015/03/10,8.55364
2015/03/09,8.45902
2015/03/06,8.3821
2015/03/05,8.32415
2015/03/04,8.30448
2015/03/03,8.30632
2015/03/02,8.32244
2015/02/27,8.33568
2015/02/26,8.31899
2015/02/25,8.36506
2015/02/24,8.40387
2015/02/23,8.46663
2015/02/20,8.42742
2015/02/19,8.40546
2015/02/18,8.39685
2015/02/17,8.34297
2015/02/16,8.40095
2015/02/13,8.42518
2015/02/12,8.50088
2015/02/11,8.36
2015/02/10,8.34416
2015/02/09,8.39778
2015/02/06,8.26112
2015/02/05,8.28913
2015/02/04,8.23703
2015/02/03,8.27338
2015/02/02,8.28223
2015/01/30,8.28058
2015/01/29,8.24083
2015/01/28,8.18891
2015/01/27,8.23359
2015/01/26,8.32693
2015/01/23,8.33426
2015/01/22,8.12575
2015/01/21,8.12887
2015/01/20,8.14379
2015/01/19,8.10651
2015/01/16,8.11918
2015/01/15,8.08088
2015/01/14,8.06887
2015/01/13,8.02614
2015/01/12,8.08285
2015/01/09,8.03208
2015/01/08,8.01666
2015/01/07,7.9443
2015/01/06,7.90734
2015/01/05,7.96324
2015/01/02,7.86366
2014/12/31,7.7366
2014/12/30,7.79161
2014/12/29,7.88997
2014/12/24,7.80751
2014/12/23,7.78113
2014/12/22,7.79313
2014/12/19,7.70616
2014/12/18,7.68099
2014/12/17,7.63327
2014/12/16,7.61825
2014/12/15,7.57251
2014/12/12,7.5261
2014/12/11,7.52937
2014/12/10,7.52711
2014/12/09,7.51912
2014/12/08,7.59161
2014/12/05,7.52225
2014/12/04,7.53367
2014/12/03,7.51869
2014/12/02,7.46901
2014/12/01,7.42337
2014/11/28,7.4229
2014/11/27,7.42091
2014/11/26,7.41595
2014/11/25,7.45831
2014/11/24,7.44529
2014/11/21,7.42996
2014/11/20,7.40011
2014/11/19,7.38716
2014/11/18,7.38277
2014/11/17,7.39829
2014/11/14,7.42811
2014/11/13,7.42148
2014/11/12,7.40218
2014/11/11,7.39762
2014/11/10,7.37418
2014/11/07,7.43363
2014/11/06,7.35216
2014/11/05,7.38494
2014/11/04,7.40155
2014/11/03,7.38814
2014/10/31,7.39891
2014/10/30,7.3591
2014/10/29,7.32464
2014/10/28,7.34468
2014/10/27,7.30089
2014/10/24,7.25816
2014/10/23,7.25148
2014/10/22,7.25739
2014/10/21,7.20921
2014/10/20,7.20027
2014/10/17,7.13811
2014/10/16,7.21084
2014/10/15,7.26378
2014/10/14,7.24221
2014/10/13,7.18535
2014/10/10,7.24054
2014/10/09,7.15051
2014/10/08,7.22198
2014/10/07,7.19188
2014/10/06,7.22427
2014/10/03,7.22273
2014/10/02,7.1961
2014/10/01,7.21511
2014/09/30,7.26893
2014/09/29,7.24494
2014/09/26,7.23626
2014/09/25,7.22435
2014/09/24,7.15929
2014/09/23,7.11488
2014/09/22,7.14013
2014/09/19,7.13119
2014/09/18,7.1417
2014/09/17,7.14989
2014/09/16,7.13383
2014/09/15,7.15119
2014/09/12,7.1385
2014/09/11,7.11208
2014/09/10,7.10179
2014/09/09,7.10805
2014/09/08,7.08519
2014/09/05,7.0909
2014/09/04,7.03573
2014/09/03,6.99331
2014/09/02,7.01624
2014/09/01,6.99924
2014/08/29,6.95011
2014/08/28,6.98057
2014/08/27,6.95211
2014/08/26,6.9408
2014/08/25,6.93098
2014/08/22,6.89922
2014/08/21,6.91412
2014/08/20,6.89935
2014/08/19,6.85405
2014/08/18,6.84697
2014/08/15,6.83762
2014/08/14,6.86772
2014/08/13,6.87754
2014/08/12,6.87974
2014/08/11,6.86844
2014/08/08,6.90469
2014/08/07,6.90709
2014/08/06,6.92799
2014/08/05,6.87984
2014/08/04,6.89636
2014/08/01,6.88354
2014/07/31,6.89596
2014/07/30,6.88546
2014/07/29,6.83603
2014/07/28,6.8133
2014/07/25,6.82001
2014/07/24,6.83655
2014/07/23,6.83372
2014/07/22,6.85513
2014/07/21,6.84953
2014/07/18,6.82307
2014/07/17,6.83697
2014/07/16,6.83528
2014/07/15,6.79968
2014/07/14,6.78667
2014/07/11,6.78014
2014/07/10,6.77507
2014/07/09,6.80622
2014/07/08,6.84208
2014/07/07,6.84947
2014/07/04,6.85377
2014/07/03,6.83614
2014/07/02,6.70577
2014/07/01,6.69199
2014/06/30,6.71855
2014/06/27,6.75198
2014/06/26,6.75004
2014/06/25,6.73772
2014/06/24,6.72022
2014/06/23,6.71396
2014/06/20,6.73315
2014/06/19,6.67291
2014/06/18,6.64086
2014/06/17,6.63753
2014/06/16,6.65127
2014/06/13,6.66706
2014/06/12,6.69996
2014/06/11,6.67801
2014/06/10,6.69418
2014/06/09,6.67218
2014/06/06,6.64668
2014/06/05,6.65475
2014/06/04,6.65884
2014/06/03,6.67233
2014/06/02,6.68775
2014/05/30,6.67473
2014/05/29,6.63055
2014/05/28,6.63727
2014/05/27,6.62802
2014/05/26,6.62787
2014/05/23,6.6471
2014/05/22,6.58063
2014/05/21,6.58146
2014/05/20,6.58984
2014/05/19,6.59577
2014/05/16,6.58017
2014/05/15,6.57003
2014/05/14,6.55952
2014/05/13,6.56134
2014/05/12,6.54958
2014/05/09,6.54445
2014/05/08,6.48169
2014/05/07,6.49795
2014/05/06,6.50169
2014/05/05,6.54779
2014/05/02,6.51032
2014/04/30,6.5504
2014/04/29,6.54962
2014/04/28,6.53055
2014/04/25,6.57415
2014/04/24,6.56223
2014/04/23,6.56564
2014/04/22,6.58066
2014/04/17,6.57459
2014/04/16,6.56936
2014/04/15,6.58567
2014/04/14,6.55876
2014/04/11,6.54224
2014/04/10,6.52758
2014/04/09,6.52117
2014/04/08,6.50886
2014/04/07,6.53888
2014/04/04,6.54
2014/04/03,6.50309
2014/04/02,6.45516
2014/04/01,6.4541
2014/03/31,6.48992
2014/03/28,6.49117
2014/03/27,6.48285
2014/03/26,6.4558
2014/03/25,6.42367
2014/03/24,6.43415
2014/03/21,6.42533
2014/03/20,6.43627
2014/03/19,6.34939
2014/03/18,6.34628
2014/03/17,6.37164
2014/03/14,6.38692
2014/03/13,6.34737
2014/03/12,6.38144
2014/03/11,6.37451
2014/03/10,6.39255
2014/03/07,6.37613
2014/03/06,6.42415
2014/03/05,6.44618
2014/03/04,6.43543
2014/03/03,6.43899
2014/02/28,6.40882
2014/02/27,6.53076
2014/02/26,6.50495
2014/02/25,6.4936
2014/02/24,6.50688
2014/02/21,6.56256
2014/02/20,6.53772
2014/02/19,6.50287
2014/02/18,6.49771
2014/02/17,6.4447
2014/02/14,6.45553
2014/02/13,6.44285
2014/02/12,6.46268
2014/02/11,6.44925
2014/02/10,6.48607
2014/02/07,6.52682
2014/02/06,6.51226
2014/02/05,6.51924
2014/02/04,6.52644
2014/02/03,6.54304
2014/01/31,6.54846
2014/01/30,6.50855
2014/01/29,6.46715
2014/01/28,6.45893
2014/01/27,6.44728
2014/01/24,6.44385
2014/01/23,6.42723
2014/01/22,6.48371
2014/01/21,6.51124
2014/01/20,6.47427
2014/01/17,6.47357
2014/01/16,6.48481
2014/01/15,6.46443
2014/01/14,6.45335
2014/01/13,6.49722
2014/01/10,6.53713
2014/01/09,6.55745
2014/01/08,6.54436
2014/01/07,6.49315
2014/01/06,6.52014
2014/01/03,6.4956
2014/01/02,6.50403
2013/12/31,6.42383
2013/12/30,6.47776
2013/12/27,6.49957
2013/12/24,6.57812
2013/12/23,6.55912
2013/12/20,6.58404
2013/12/19,6.55147
2013/12/18,6.53808
2013/12/17,6.5759
2013/12/16,6.55241
2013/12/13,6.58199
2013/12/12,6.57742
2013/12/11,6.54638
2013/12/10,6.53796
2013/12/09,6.52631
2013/12/06,6.534
2013/12/05,6.51986
2013/12/04,6.5025
2013/12/03,6.53093
2013/12/02,6.56797
2013/11/29,6.54434
2013/11/28,6.57011
2013/11/27,6.5534
2013/11/26,6.56544
2013/11/25,6.57947
2013/11/22,6.57997
2013/11/21,6.6325
2013/11/20,6.59385
2013/11/19,6.63702
2013/11/18,6.59584
2013/11/15,6.64473
2013/11/14,6.67907
2013/11/13,6.70354
2013/11/12,6.63364
2013/11/11,6.56764
2013/11/08,6.57993
2013/11/07,6.51777
2013/11/06,6.501
2013/11/05,6.51697
2013/11/04,6.49504
2013/11/01,6.52018
2013/10/31,6.45495
2013/10/30,6.38459
2013/10/29,6.36948
2013/10/28,6.34533
2013/10/25,6.34035
2013/10/24,6.34741
2013/10/23,6.38133
2013/10/22,6.40822
2013/10/21,6.42789
2013/10/18,6.40792
2013/10/17,6.42519
2013/10/16,6.49775
2013/10/15,6.49352
2013/10/14,6.48688
2013/10/11,6.46167
2013/10/10,6.51914
2013/10/09,6.47022
2013/10/08,6.41006
2013/10/07,6.44157
2013/10/04,6.38064
2013/10/03,6.34206
2013/10/02,6.404
2013/10/01,6.36926
2013/09/30,6.41059
2013/09/27,6.41671
2013/09/26,6.41188
2013/09/25,6.43372
2013/09/24,6.40652
2013/09/23,6.36712
2013/09/20,6.36148
2013/09/19,6.32721
2013/09/18,6.46068
2013/09/17,6.46541
2013/09/16,6.50917
2013/09/13,6.54742
2013/09/12,6.54056
2013/09/11,6.5358
2013/09/10,6.56246
2013/09/09,6.6312
2013/09/06,6.65152
2013/09/05,6.6468
2013/09/04,6.61795
2013/09/03,6.60727
2013/09/02,6.60423
2013/08/30,6.61148
2013/08/29,6.57154
2013/08/28,6.50895
2013/08/27,6.51477
2013/08/26,6.53252
2013/08/23,6.5249
2013/08/22,6.5218
2013/08/21,6.521
2013/08/19,6.52878
2013/08/16,6.52699
2013/08/12,6.53554
2013/08/09,6.48673
2013/08/08,6.4991
2013/08/07,6.55851
2013/08/06,6.55964
2013/08/05,6.60919
2013/08/02,6.64349
2013/08/01,6.56649
2013/07/31,6.56331
2013/07/30,6.53553
2013/07/29,6.46662
2013/07/26,6.49457
2013/07/25,6.5206
2013/07/24,6.45636
2013/07/23,6.489
2013/07/22,6.49985
2013/07/19,6.54827
2013/07/18,6.58459
2013/07/17,6.56935
2013/07/16,6.63013
2013/07/15,6.71373
2013/07/12,6.67869
2013/07/11,6.67395
2013/07/10,6.77179
2013/07/09,6.78183
2013/07/08,6.84031
2013/07/05,6.71909
2013/07/04,6.70672
2013/07/03,6.71989
2013/07/02,6.68418
2013/07/01,6.67009
2013/06/28,6.71047
2013/06/27,6.71885
2013/06/26,6.7272
2013/06/25,6.67603
2013/06/24,6.7923
2013/06/21,6.59537
2013/06/20,6.57
2013/06/19,6.39639
2013/06/18,6.48669
2013/06/17,6.45737
2013/06/14,6.47192
2013/06/13,6.51633
2013/06/12,6.53822
2013/06/11,6.58886
2013/06/10,6.59732
2013/06/07,6.55445
2013/06/06,6.56137
2013/06/05,6.60098
2013/06/04,6.54629
2013/06/03,6.59002
2013/05/31,6.59911
2013/05/30,6.62237
2013/05/29,6.64623
2013/05/28,6.63735
2013/05/27,6.64379
2013/05/24,6.64503
2013/05/23,6.66845
2013/05/22,6.61232
2013/05/21,6.65319
2013/05/20,6.67191
2013/05/17,6.67666
2013/05/16,6.66354
2013/05/15,6.68221
2013/05/14,6.65277
2013/05/13,6.60618
2013/05/10,6.58385
2013/05/09,6.49787
2013/05/08,6.50187
2013/05/07,6.50698
2013/05/06,6.52651
2013/05/03,6.50503
2013/05/02,6.48192
2013/04/30,6.53458
2013/04/29,6.52048
2013/04/26,6.58351
2013/04/25,6.57194
2013/04/24,6.60349
2013/04/23,6.61478
2013/04/22,6.53057
2013/04/19,6.48952
2013/04/18,6.51652
2013/04/17,6.45342
2013/04/16,6.38457
2013/04/15,6.3989
2013/04/12,6.38776
2013/04/11,6.33722
2013/04/10,6.36963
2013/04/09,6.4237
2013/04/08,6.41872
2013/04/05,6.48826
2013/04/04,6.55828
2013/04/03,6.49033
2013/04/02,6.47274
2013/03/28,6.52503
2013/03/27,6.50219
2013/03/26,6.49724
2013/03/25,6.52192
2013/03/22,6.50541
2013/03/21,6.47978
2013/03/20,6.44063
2013/03/19,6.44476
2013/03/18,6.44829
2013/03/15,6.38201
2013/03/14,6.47631
2013/03/13,6.38864
2013/03/12,6.37263
2013/03/11,6.40757
2013/03/08,6.35898
2013/03/07,6.3751
2013/03/06,6.37967
2013/03/05,6.39742
2013/03/04,6.44276
2013/03/01,6.43538
2013/02/28,6.43423
2013/02/27,6.44056
2013/02/26,6.46891
2013/02/25,6.36951
2013/02/22,6.41377
2013/02/21,6.41703
2013/02/20,6.30494
2013/02/19,6.32879
2013/02/18,6.33598
2013/02/15,6.34574
2013/02/14,6.33991
2013/02/13,6.28843
2013/02/12,6.37751
2013/02/11,6.40385
2013/02/08,6.42665
2013/02/07,6.37376
2013/02/06,6.35459
2013/02/05,6.32577
2013/02/04,6.33287
2013/02/01,6.30475
2013/01/31,6.37085
2013/01/30,6.35972
2013/01/29,6.41033
2013/01/28,6.44027
2013/01/25,6.45104
2013/01/24,6.50828
2013/01/23,6.5198
2013/01/22,6.52617
2013/01/21,6.52526
2013/01/18,6.5027
2013/01/17,6.46544
2013/01/16,6.50305
2013/01/15,6.47843
2013/01/14,6.45964
2013/01/11,6.49751
2013/01/10,6.53291
2013/01/09,6.58349
2013/01/08,6.55403
2013/01/07,6.52995
2013/01/04,6.55626
2013/01/03,6.51794
2013/01/02,6.46237
2012/12/31,6.50447
2012/12/28,6.49435
2012/12/27,6.50332
2012/12/24,6.53072
2012/12/21,6.50655
2012/12/20,6.51887
2012/12/19,6.51496
2012/12/18,6.6306
2012/12/17,6.65198
2012/12/14,6.70767
2012/12/13,6.66934
2012/12/12,6.61618
2012/12/11,6.65351
2012/12/10,6.67718
2012/12/07,6.67803
2012/12/06,6.60144
2012/12/05,6.62151
2012/12/04,6.58914
2012/12/03,6.62924
2012/11/30,6.67065
2012/11/29,6.64699
2012/11/28,6.68482
2012/11/27,6.6677
2012/11/26,6.61547
2012/11/23,6.65265
2012/11/22,6.67533
2012/11/21,6.73331
2012/11/20,6.75018
2012/11/19,6.77159
2012/11/16,6.78643
2012/11/15,6.77955
2012/11/14,6.77825
2012/11/13,6.77985
2012/11/12,6.73804
2012/11/09,6.75477
2012/11/08,6.68224
2012/11/07,6.71167
2012/11/06,6.69695
2012/11/05,6.70658
2012/11/02,6.68911
2012/11/01,6.65881
2012/10/31,6.61895
2012/10/30,6.64674
2012/10/29,6.68468
2012/10/26,6.71909
2012/10/25,6.68691
2012/10/24,6.68815
2012/10/23,6.62622
2012/10/22,6.57766
2012/10/19,6.57591
2012/10/18,6.54391
2012/10/17,6.59962
2012/10/16,6.61306
2012/10/15,6.67574
2012/10/12,6.69468
2012/10/11,6.70591
2012/10/10,6.67763
2012/10/09,6.64842
2012/10/08,6.64123
2012/10/05,6.59345
2012/10/04,6.64806
2012/10/03,6.67157
2012/10/02,6.59907
2012/10/01,6.58003
2012/09/28,6.53503
2012/09/27,6.56362
2012/09/26,6.61721
2012/09/25,6.55158
2012/09/24,6.57541
2012/09/21,6.54111
2012/09/20,6.5528
2012/09/19,6.55391
2012/09/18,6.56389
2012/09/17,6.59048
2012/09/14,6.55853
2012/09/13,6.59086
2012/09/12,6.57064
2012/09/11,6.62962
2012/09/10,6.64801
2012/09/07,6.67913
2012/09/06,6.72781
2012/09/05,6.71132
2012/09/04,6.68376
2012/09/03,6.69645
2012/08/31,6.61026
2012/08/30,6.65482
2012/08/29,6.64607
2012/08/28,6.56718
2012/08/27,6.57598
2012/08/24,6.59159
2012/08/23,6.61942
2012/08/22,6.70084
2012/08/21,6.64588
2012/08/20,6.69423
2012/08/17,6.70876
2012/08/16,6.70633
2012/08/15,6.70007
2012/08/14,6.6777
2012/08/13,6.67088
2012/08/10,6.69361
2012/08/09,6.72051
2012/08/08,6.70963
2012/08/07,6.69186
2012/08/06,6.7373
2012/08/03,6.7617
2012/08/02,6.75036
2012/08/01,6.76443
2012/07/31,6.80479
2012/07/30,6.81757
2012/07/27,6.90168
2012/07/26,6.89274
2012/07/25,6.97149
2012/07/24,6.96625
2012/07/23,6.98125
2012/07/20,6.92951
2012/07/19,6.92154
2012/07/18,6.94188
2012/07/17,7.00643
2012/07/16,7.07769
2012/07/13,7.03701
2012/07/12,7.04615
2012/07/11,6.96444
2012/07/10,6.97875
2012/07/09,7.01415
2012/07/06,6.99491
2012/07/05,6.93522
2012/07/04,6.91688
2012/07/03,6.94274
2012/07/02,6.94354
2012/06/29,6.96807
2012/06/28,7.08721
2012/06/27,7.07181
2012/06/26,7.07046
2012/06/25,7.05998
2012/06/22,7.01874
2012/06/21,6.97395
2012/06/20,6.96111
2012/06/19,7.00515
2012/06/18,7.00682
2012/06/15,7.01437
2012/06/14,7.04111
2012/06/13,7.04643
2012/06/12,7.09574
2012/06/11,7.06633
2012/06/08,7.20091
2012/06/07,7.11902
2012/06/06,7.22187
2012/06/05,7.21619
2012/06/04,7.2421
2012/06/01,7.29971
2012/05/31,7.23631
2012/05/30,7.20011
2012/05/29,7.176
2012/05/28,7.16075
2012/05/25,7.16802
2012/05/24,7.1482
2012/05/23,7.15736
2012/05/22,7.11858
2012/05/21,7.15224
2012/05/18,7.15321
2012/05/17,7.2036
2012/05/16,7.14162
2012/05/15,7.04173
2012/05/14,6.99837
2012/05/11,6.94067
2012/05/10,6.90132
2012/05/09,6.88008
2012/05/08,6.82418
2012/05/07,6.83688
2012/05/04,6.78046
2012/05/03,6.76012
2012/05/02,6.76902
2012/04/30,6.74928
2012/04/27,6.72946
2012/04/26,6.71661
2012/04/25,6.73618
2012/04/24,6.75329
2012/04/23,6.74876
2012/04/20,6.70073
2012/04/19,6.75653
2012/04/18,6.75934
2012/04/17,6.76378
2012/04/16,6.81987
2012/04/13,6.76491
2012/04/12,6.75983
2012/04/11,6.78318
2012/04/10,6.76605
2012/04/05,6.74426
2012/04/04,6.71017
2012/04/03,6.60443
2012/04/02,6.61101
2012/03/30,6.62287
2012/03/29,6.66441
2012/03/28,6.65817
2012/03/27,6.67029
2012/03/26,6.72469
2012/03/23,6.73916
2012/03/22,6.77945
2012/03/21,6.74367
2012/03/20,6.75254
2012/03/19,6.75057
2012/03/16,6.75206
2012/03/15,6.82852
2012/03/14,6.80064
2012/03/13,6.80777
2012/03/12,6.80784
2012/03/09,6.75271
2012/03/08,6.71303
2012/03/07,6.80183
2012/03/06,6.75937
2012/03/05,6.68548
2012/03/02,6.682
2012/03/01,6.62072
2012/02/29,6.5527
2012/02/28,6.56125
2012/02/27,6.598
2012/02/24,6.57806
2012/02/23,6.6297
2012/02/22,6.6576
2012/02/21,6.66367
2012/02/20,6.64179
2012/02/17,6.71145
2012/02/16,6.78362
2012/02/15,6.71104
2012/02/14,6.66824
2012/02/13,6.6469
2012/02/10,6.67716
2012/02/09,6.6259
2012/02/08,6.65097
2012/02/07,6.72729
2012/02/06,6.74935
2012/02/03,6.7234
2012/02/02,6.76378
2012/02/01,6.74732
2012/01/31,6.7522
2012/01/30,6.78841
2012/01/27,6.76805
2012/01/26,6.75352
2012/01/25,6.83866
2012/01/24,6.76305
2012/01/23,6.74433
2012/01/20,6.80546
2012/01/19,6.7853
2012/01/18,6.87678
2012/01/17,6.90977
2012/01/16,7.00513
2012/01/13,6.96046
2012/01/12,6.94998
2012/01/11,6.92617
2012/01/10,6.88007
2012/01/09,6.94084
2012/01/06,6.91828
2012/01/05,6.89378
2012/01/04,6.87249
2012/01/03,6.86053
2012/01/02,6.90182
2011/12/30,6.8877
2011/12/29,6.93723
2011/12/28,6.8598
2011/12/27,6.86625
2011/12/23,6.8659
2011/12/22,6.89446
2011/12/21,6.89605
2011/12/20,6.86706
2011/12/19,6.89455
2011/12/16,6.91496
2011/12/15,6.96736
2011/12/14,6.99238
2011/12/13,6.87391
2011/12/12,6.83156
2011/12/09,6.73827
2011/12/08,6.72185
2011/12/07,6.7391
2011/12/06,6.76064
2011/12/05,6.72965
2011/12/02,6.72297
2011/12/01,6.76386
2011/11/30,6.81622
2011/11/29,6.91324
2011/11/28,6.93714
2011/11/25,6.99259
2011/11/24,6.91244
2011/11/23,6.88407
2011/11/22,6.79978
2011/11/21,6.82085
2011/11/18,6.74764
2011/11/17,6.80616
2011/11/16,6.77195
2011/11/15,6.74239
2011/11/14,6.67296
2011/11/11,6.6619
2011/11/10,6.65709
2011/11/09,6.65686
2011/11/08,6.55316
2011/11/07,6.61076
2011/11/04,6.61533
2011/11/03,6.55427
2011/11/02,6.57035
2011/11/01,6.6504
2011/10/31,6.43454
2011/10/28,6.36879
2011/10/27,6.43112
2011/10/26,6.5317
2011/10/25,6.5462
2011/10/24,6.57224
2011/10/21,6.59741
2011/10/20,6.58927
2011/10/19,6.59857
2011/10/18,6.69706
2011/10/17,6.64794
2011/10/14,6.61947
2011/10/13,6.65652
2011/10/12,6.62291
2011/10/11,6.70258
2011/10/10,6.71294
2011/10/07,6.79842
2011/10/06,6.90708
2011/10/05,6.83737
2011/10/04,6.95152
2011/10/03,6.87266
2011/09/30,6.85625
2011/09/29,6.76577
2011/09/28,6.74419
2011/09/27,6.75852
2011/09/26,6.85
2011/09/23,6.93425
2011/09/22,6.89783
2011/09/21,6.68598
2011/09/20,6.65193
2011/09/19,6.72121
2011/09/16,6.6577
2011/09/15,6.66473
2011/09/14,6.68075
2011/09/13,6.68816
2011/09/12,6.58355
2011/09/09,6.43736
2011/09/08,6.37682
2011/09/07,6.39278
2011/09/06,6.44641
2011/09/05,6.44025
2011/09/02,6.40035
2011/09/01,6.36752
2011/08/31,6.34187
2011/08/30,6.38106
2011/08/29,6.29233
2011/08/26,6.32426
2011/08/25,6.31579
2011/08/24,6.32121
2011/08/23,6.29553
2011/08/22,6.34171
2011/08/19,6.40973
2011/08/18,6.37414
2011/08/17,6.33315
2011/08/16,6.44136
2011/08/15,6.48892
2011/08/12,6.48253
2011/08/11,6.57194
2011/08/10,6.42605
2011/08/09,6.45735
2011/08/08,6.48569
2011/08/05,6.50442
2011/08/04,6.43011
2011/08/03,6.3549
2011/08/02,6.36062
2011/08/01,6.24835
2011/07/29,6.35968
2011/07/28,6.3629
2011/07/27,6.27385
2011/07/26,6.26964
2011/07/25,6.33401
2011/07/22,6.3086
2011/07/21,6.3991
2011/07/20,6.45548
2011/07/19,6.51836
2011/07/18,6.58839
2011/07/15,6.51216
2011/07/14,6.4762
2011/07/13,6.5561
2011/07/12,6.58962
2011/07/11,6.52533
2011/07/08,6.37818
2011/07/07,6.3838
2011/07/06,6.34879
2011/07/05,6.27937
2011/07/04,6.27531
2011/07/01,6.30039
2011/06/30,6.3474
2011/06/29,6.38107
2011/06/28,6.48447
2011/06/27,6.47159
2011/06/24,6.45584
2011/06/23,6.44878
2011/06/22,6.35896
2011/06/21,6.37056
2011/06/20,6.44243
2011/06/17,6.43917
2011/06/16,6.53279
2011/06/15,6.40092
2011/06/14,6.31112
2011/06/13,6.35669
2011/06/10,6.27399
2011/06/09,6.19988
2011/06/08,6.19127
2011/06/07,6.1481
2011/06/06,6.16367
2011/06/03,6.20997
2011/06/02,6.19689
2011/06/01,6.16949
2011/05/31,6.18227
2011/05/30,6.22996
2011/05/27,6.24662
2011/05/26,6.28247
2011/05/25,6.33663
2011/05/24,6.33118
2011/05/23,6.35913
2011/05/20,6.27407
2011/05/19,6.28391
2011/05/18,6.31475
2011/05/17,6.35206
2011/05/16,6.36994
2011/05/13,6.29909
2011/05/12,6.32841
2011/05/11,6.23111
2011/05/10,6.23799
2011/05/09,6.23679
2011/05/06,6.2213
2011/05/05,6.12137
2011/05/04,6.05463
2011/05/03,6.06096
2011/05/02,6.01651
2011/04/29,5.99865
2011/04/28,6.03488
2011/04/27,6.09245
2011/04/26,6.10638
2011/04/21,6.09469
2011/04/20,6.13235
2011/04/19,6.23759
2011/04/18,6.25933
2011/04/15,6.20484
2011/04/14,6.26991
2011/04/13,6.23059
2011/04/12,6.27657
2011/04/11,6.24394
2011/04/08,6.24227
2011/04/07,6.33305
2011/04/06,6.30238
2011/04/05,6.34583
2011/04/04,6.3118
2011/04/01,6.32077
2011/03/31,6.28768
2011/03/30,6.32967
2011/03/29,6.38774
2011/03/28,6.3946
2011/03/25,6.37067
2011/03/24,6.33175
2011/03/23,6.31791
2011/03/22,6.28527
2011/03/21,6.27068
2011/03/18,6.30326
2011/03/17,6.41995
2011/03/16,6.4318
2011/03/15,6.46716
2011/03/14,6.33818
2011/03/11,6.39875
2011/03/10,6.37729
2011/03/09,6.32216
2011/03/08,6.36566
2011/03/07,6.32699
2011/03/04,6.33016
2011/03/03,6.32318
2011/03/02,6.32414
2011/03/01,6.29946
2011/02/28,6.32102
2011/02/25,6.41767
2011/02/24,6.38822
2011/02/23,6.40412
2011/02/22,6.42936
2011/02/21,6.41059
2011/02/18,6.40845
2011/02/17,6.44764
2011/02/16,6.46373
2011/02/15,6.45855
2011/02/14,6.51503
2011/02/11,6.50858
2011/02/10,6.48589
2011/02/09,6.43988
2011/02/08,6.43308
2011/02/07,6.49672
2011/02/04,6.46944
2011/02/03,6.46053
2011/02/02,6.41998
2011/02/01,6.40131
2011/01/31,6.47604
2011/01/28,6.45733
2011/01/27,6.44882
2011/01/26,6.47504
2011/01/25,6.55149
2011/01/24,6.59716
2011/01/21,6.62599
2011/01/20,6.64267
2011/01/19,6.61373
2011/01/18,6.67138
2011/01/17,6.69822
2011/01/14,6.72447
2011/01/13,6.74331
2011/01/12,6.81685
2011/01/11,6.85357
2011/01/10,6.91351
2011/01/07,6.89592
2011/01/06,6.81461
2011/01/05,6.75812
2011/01/04,6.67201
2011/01/03,6.69539
2010/12/31,6.7097
2010/12/30,6.78712
2010/12/29,6.84265
2010/12/28,6.81834
2010/12/27,6.83397
2010/12/24,6.86197
2010/12/23,6.86084
2010/12/22,6.8496
2010/12/21,6.82592
2010/12/20,6.83502
2010/12/17,6.80415
2010/12/16,6.82739
2010/12/15,6.79626
2010/12/14,6.79449
2010/12/13,6.8941
2010/12/10,6.87685
2010/12/09,6.9101
2010/12/08,6.93061
2010/12/07,6.80835
2010/12/06,6.86107
2010/12/03,6.89
2010/12/02,6.95789
2010/12/01,6.97979
2010/11/30,7.05609
2010/11/29,7.01392
2010/11/26,7.03743
2010/11/25,6.95931
2010/11/24,6.96626
2010/11/23,6.95502
2010/11/22,6.87734
2010/11/19,6.87034
2010/11/18,6.85667
2010/11/17,6.97129
2010/11/16,6.88753
2010/11/15,6.87583
2010/11/12,6.82532
2010/11/11,6.79577
2010/11/10,6.752
2010/11/09,6.67501
2010/11/08,6.67816
2010/11/05,6.59685
2010/11/04,6.49747
2010/11/03,6.65335
2010/11/02,6.65073
2010/11/01,6.66128
2010/10/29,6.75543
2010/10/28,6.72324
2010/10/27,6.76063
2010/10/26,6.68689
2010/10/25,6.5562
2010/10/22,6.6431
2010/10/21,6.61209
2010/10/20,6.71777
2010/10/19,6.7357
2010/10/18,6.68329
2010/10/15,6.54624
2010/10/14,6.54847
2010/10/13,6.63863
2010/10/12,6.68402
2010/10/11,6.65291
2010/10/08,6.71544
2010/10/07,6.67201
2010/10/06,6.71139
2010/10/05,6.72177
2010/10/04,6.74192
2010/10/01,6.71594
2010/09/30,6.69849
2010/09/29,6.72581
2010/09/28,6.8529
2010/09/27,6.80493
2010/09/24,6.86475
2010/09/23,6.9094
2010/09/22,6.82999
2010/09/21,6.97096
2010/09/20,7.02004
2010/09/17,7.067
2010/09/16,7.04848
2010/09/15,7.07907
2010/09/14,7.17977
2010/09/13,7.17444
2010/09/10,7.23136
2010/09/09,7.27393
2010/09/08,7.30172
2010/09/07,7.31207
2010/09/06,7.22487
2010/09/03,7.25658
2010/09/02,7.26985
2010/09/01,7.30391
2010/08/31,7.40457
2010/08/30,7.3915
2010/08/27,7.37395
2010/08/26,7.42906
2010/08/25,7.50892
2010/08/24,7.46689
2010/08/23,7.39452
2010/08/20,7.45504
2010/08/19,7.35346
2010/08/18,7.33331
2010/08/17,7.33515
2010/08/16,7.40585
2010/08/13,7.4241
2010/08/12,7.41048
2010/08/11,7.28258
2010/08/10,7.15975
2010/08/09,7.08821
2010/08/06,7.119
2010/08/05,7.11643
2010/08/04,7.10609
2010/08/03,7.08343
2010/08/02,7.1575
2010/07/30,7.24079
2010/07/29,7.24654
2010/07/28,7.29641
2010/07/27,7.25965
2010/07/26,7.33601
2010/07/23,7.32031
2010/07/22,7.3537
2010/07/21,7.38043
2010/07/20,7.39699
2010/07/19,7.35602
2010/07/16,7.29308
2010/07/15,7.34035
2010/07/14,7.40912
2010/07/13,7.48134
2010/07/12,7.52148
2010/07/09,7.49917
2010/07/08,7.54139
2010/07/07,7.65179
2010/07/06,7.65164
2010/07/05,7.6606
2010/07/02,7.61237
2010/07/01,7.78861
2010/06/30,7.76294
2010/06/29,7.80792
2010/06/28,7.74649
2010/06/25,7.77696
2010/06/24,7.80794
2010/06/23,7.75161
2010/06/22,7.79736
2010/06/21,7.68122
2010/06/18,7.72704
2010/06/17,7.74408
2010/06/16,7.82064
2010/06/15,7.84916
2010/06/14,7.81043
2010/06/11,7.90055
2010/06/10,7.95143
2010/06/09,8.00808
2010/06/08,8.08885
2010/06/07,8.06497
2010/06/04,7.91833
2010/06/03,7.76084
2010/06/02,7.83009
2010/06/01,7.91139
2010/05/31,7.81913
2010/05/28,7.79877
2010/05/27,7.88739
2010/05/26,7.8796
2010/05/25,8.04017
2010/05/24,7.92557
2010/05/21,7.86669
2010/05/20,7.8959
2010/05/19,7.83007
2010/05/18,7.68788
2010/05/17,7.77674
2010/05/14,7.66451
2010/05/13,7.57178
2010/05/12,7.55013
2010/05/11,7.60458
2010/05/10,7.46866
2010/05/07,7.65989
2010/05/06,7.63102
2010/05/05,7.46046
2010/05/04,7.32646
2010/05/03,7.25903
2010/04/30,7.22621
2010/04/29,7.26215
2010/04/28,7.2675
2010/04/27,7.20617
2010/04/26,7.18264
2010/04/23,7.20532
2010/04/22,7.20834
2010/04/21,7.1752
2010/04/20,7.15186
2010/04/19,7.22007
2010/04/16,7.157
2010/04/15,7.16694
2010/04/14,7.14851
2010/04/13,7.18361
2010/04/12,7.17409
2010/04/09,7.24305
2010/04/08,7.27926
2010/04/07,7.253
2010/04/06,7.21335
2010/04/01,7.22364
2010/03/31,7.2064
2010/03/30,7.25434
2010/03/29,7.25707
2010/03/26,7.2705
2010/03/25,7.23645
2010/03/24,7.26661
2010/03/23,7.19617
2010/03/22,7.24408
2010/03/19,7.14312
2010/03/18,7.11881
2010/03/17,7.08076
2010/03/16,7.08606
2010/03/15,7.08814
2010/03/12,7.06778
2010/03/11,7.12345
2010/03/10,7.14034
2010/03/09,7.17563
2010/03/08,7.08491
2010/03/05,7.15491
2010/03/04,7.12833
2010/03/03,7.18019
2010/03/02,7.18305
2010/03/01,7.21989
2010/02/26,7.16728
2010/02/25,7.22782
2010/02/24,7.223
2010/02/23,7.21168
2010/02/22,7.19874
2010/02/19,7.28308
2010/02/18,7.217
2010/02/17,7.15307
2010/02/16,7.23643
2010/02/15,7.26134
2010/02/12,7.30504
2010/02/11,7.26039
2010/02/10,7.3024
2010/02/09,7.35589
2010/02/08,7.43079
2010/02/05,7.47973
2010/02/04,7.31783
2010/02/03,7.22683
2010/02/02,7.26333
2010/02/01,7.28937
2010/01/29,7.33123
2010/01/28,7.28773
2010/01/27,7.28013
2010/01/26,7.29308
2010/01/25,7.21327
2010/01/22,7.22575
2010/01/21,7.20812
2010/01/20,7.15858
2010/01/19,7.1096
2010/01/18,7.04955
2010/01/15,7.05649
2010/01/14,7.02161
2010/01/13,7.00254
2010/01/12,7.05856
2010/01/11,7.02058
2010/01/08,7.16423
2010/01/07,7.13926
2010/01/06,7.09895
2010/01/05,7.07104
2010/01/04,7.08388
