2022/10/19,149.66251
2022/10/18,149.11032
2022/10/17,148.88592
2022/10/14,147.81311
2022/10/13,146.77072
2022/10/12,146.65156
2022/10/11,145.57235
2022/10/10,145.5708
2022/10/07,144.86067
2022/10/06,144.70588
2022/10/05,144.40746
2022/10/04,144.87918
2022/10/03,144.90987
2022/09/30,144.65531
2022/09/29,144.71461
2022/09/28,144.68374
2022/09/27,144.4214
2022/09/26,144.17375
2022/09/23,142.94648
2022/09/22,140.81344
2022/09/21,144.01373
2022/09/20,143.54096
2022/09/19,143.56356
2022/09/16,143.18867
2022/09/15,143.54484
2022/09/14,143.22322
2022/09/13,142.01474
2022/09/12,142.28459
2022/09/09,142.60125
2022/09/08,143.52083
2022/09/07,144.86596
2022/09/06,141.93191
2022/09/05,140.59476
2022/09/02,140.45832
2022/09/01,139.28429
2022/08/31,138.72
2022/08/30,138.23998
2022/08/29,138.68416
2022/08/26,136.92415
2022/08/25,136.47944
2022/08/24,136.64184
2022/08/23,137.3426
2022/08/22,137.06629
2022/08/19,136.93057
2022/08/18,134.77107
2022/08/17,135.14364
2022/08/16,134.35001
2022/08/15,133.01618
2022/08/12,133.66067
2022/08/11,132.10486
2022/08/10,134.76395
2022/08/09,135.09869
2022/08/08,134.9348
2022/08/05,133.11834
2022/08/04,133.39554
2022/08/03,133.58839
2022/08/02,130.96635
2022/08/01,132.29747
2022/07/29,133.77133
2022/07/28,135.60561
2022/07/27,136.81048
2022/07/26,136.65547
2022/07/25,136.61587
2022/07/22,136.90873
2022/07/21,138.69987
2022/07/20,138.17041
2022/07/19,137.63787
2022/07/18,138.34765
2022/07/15,138.67184
2022/07/14,138.97051
2022/07/13,137.10142
2022/07/12,136.73571
2022/07/11,137.42325
2022/07/08,135.83588
2022/07/07,135.66798
2022/07/06,135.31493
2022/07/05,135.8309
2022/07/04,135.35151
2022/07/01,135.29976
2022/06/30,136.26649
2022/06/29,136.47428
2022/06/28,136.03825
2022/06/27,135.49943
2022/06/24,135.11022
2022/06/23,135.43315
2022/06/22,136.02319
2022/06/21,136.25592
2022/06/20,134.96244
2022/06/17,134.66527
2022/06/16,132.92308
2022/06/15,134.68507
2022/06/14,134.53884
2022/06/13,134.39503
2022/06/10,133.94782
2022/06/09,133.97561
2022/06/08,134.0162
2022/06/07,132.86438
2022/06/06,130.67313
2022/06/03,130.0932
2022/06/02,129.74186
2022/06/01,129.46229
2022/05/31,128.21805
2022/05/30,127.50836
2022/05/27,126.88864
2022/05/26,127.09171
2022/05/25,127.00826
2022/05/24,127.32276
2022/05/23,127.63862
2022/05/20,127.95689
2022/05/19,127.75297
2022/05/18,129.01264
2022/05/17,129.32359
2022/05/16,129.54327
2022/05/13,128.94559
2022/05/12,128.603
2022/05/11,129.88724
2022/05/10,130.16866
2022/05/09,130.7889
2022/05/06,130.46358
2022/05/05,129.80696
2022/05/04,129.94018
2022/05/03,129.84085
2022/05/02,129.82706
2022/04/29,129.99051
2022/04/28,130.78684
2022/04/27,128.10167
2022/04/26,127.55293
2022/04/25,128.16862
2022/04/22,128.34427
2022/04/21,128.23551
2022/04/20,127.9132
2022/04/19,128.11256
2022/04/14,125.31715
2022/04/13,125.86366
2022/04/12,125.48568
2022/04/11,125.69725
2022/04/08,124.17825
2022/04/07,123.96482
2022/04/06,123.86707
2022/04/05,122.85532
2022/04/04,122.74421
2022/04/01,122.46652
2022/03/31,121.76381
2022/03/30,121.75984
2022/03/29,123.28372
2022/03/28,123.95586
2022/03/25,121.85966
2022/03/24,121.79814
2022/03/23,120.75558
2022/03/22,120.60958
2022/03/21,119.19732
2022/03/18,119.36773
2022/03/17,118.78563
2022/03/16,118.2918
2022/03/15,117.97835
2022/03/14,117.97445
2022/03/11,116.88808
2022/03/10,115.96896
2022/03/09,115.81006
2022/03/08,115.70878
2022/03/07,115.23635
2022/03/04,115.44515
2022/03/03,115.7277
2022/03/02,115.32505
2022/03/01,114.80917
2022/02/28,115.46567
2022/02/25,115.58488
2022/02/24,114.91535
2022/02/23,115.10931
2022/02/22,115.09434
2022/02/21,114.83507
2022/02/18,115.01673
2022/02/17,115.07476
2022/02/16,115.68765
2022/02/15,115.62803
2022/02/14,115.41181
2022/02/11,115.82728
2022/02/10,115.76187
2022/02/09,115.47005
2022/02/08,115.42777
2022/02/07,114.95588
2022/02/04,114.89881
2022/02/03,114.85912
2022/02/02,114.25417
2022/02/01,114.6714
2022/01/31,115.4446
2022/01/28,115.53241
2022/01/27,115.35842
2022/01/26,114.26798
2022/01/25,114.03088
2022/01/24,113.78273
2022/01/21,113.79979
2022/01/20,114.24413
2022/01/19,114.46452
2022/01/18,114.70925
2022/01/17,114.56634
2022/01/14,113.71538
2022/01/13,114.26328
2022/01/12,115.38259
2022/01/11,115.51694
2022/01/10,115.25888
2022/01/07,115.86121
2022/01/06,115.81971
2022/01/05,115.76111
2022/01/04,116.29577
2022/01/03,114.98018
2021/12/31,115.11566
2021/12/30,115.08735
2021/12/29,114.98717
2021/12/28,114.87071
2021/12/27,114.73656
2021/12/24,114.38544
2021/12/23,114.40318
2021/12/22,114.21998
2021/12/21,113.71403
2021/12/20,113.5279
2021/12/17,113.22154
2021/12/16,114.12315
2021/12/15,113.87853
2021/12/14,113.5821
2021/12/13,113.66377
2021/12/10,113.72306
2021/12/09,113.34984
2021/12/08,113.78883
2021/12/07,113.5661
2021/12/06,113.20989
2021/12/03,113.33806
2021/12/02,112.83182
2021/12/01,113.37281
2021/11/30,112.82232
2021/11/29,113.70167
2021/11/26,114.09087
2021/11/25,115.30785
2021/11/24,115.17044
2021/11/23,114.89475
2021/11/22,114.10711
2021/11/19,113.76098
2021/11/18,114.21772
2021/11/17,114.68717
2021/11/16,114.25932
2021/11/15,113.87627
2021/11/12,113.99371
2021/11/11,113.95288
2021/11/10,113.25489
2021/11/09,113.06902
2021/11/08,113.3863
2021/11/05,113.70779
2021/11/04,113.89921
2021/11/03,113.92296
2021/11/02,113.78954
2021/11/01,114.17343
2021/10/29,113.88579
2021/10/28,113.60304
2021/10/27,113.62658
2021/10/26,114.02135
2021/10/25,113.66026
2021/10/22,113.8693
2021/10/21,114.16173
2021/10/20,114.23901
2021/10/19,114.21707
2021/10/18,114.15029
2021/10/15,114.33374
2021/10/14,113.47182
2021/10/13,113.56167
2021/10/12,113.42276
2021/10/11,112.92552
2021/10/08,111.78149
2021/10/07,111.38211
2021/10/06,111.34985
2021/10/05,111.17911
2021/10/04,111.04331
2021/10/01,111.18103
2021/09/30,111.98722
2021/09/29,111.45529
2021/09/28,111.466
2021/09/27,110.90785
2021/09/24,110.49578
2021/09/23,110.0128
2021/09/22,109.55751
2021/09/21,109.3372
2021/09/20,109.45265
2021/09/17,110.02547
2021/09/16,109.38536
2021/09/15,109.19317
2021/09/14,110.10665
2021/09/13,110.03396
2021/09/10,109.81336
2021/09/09,109.90032
2021/09/08,110.1801
2021/09/07,110.04216
2021/09/06,109.86177
2021/09/03,109.9562
2021/09/02,110.00338
2021/09/01,110.30718
2021/08/31,109.81071
2021/08/30,109.87204
2021/08/27,110.18621
2021/08/26,110.13852
2021/08/25,109.9182
2021/08/24,109.65928
2021/08/23,110.10411
2021/08/20,109.64785
2021/08/19,109.61867
2021/08/18,109.75859
2021/08/17,109.26319
2021/08/16,109.36969
2021/08/13,110.19125
2021/08/12,110.40975
2021/08/11,110.66735
2021/08/10,110.45897
2021/08/09,110.10968
2021/08/06,109.79927
2021/08/05,109.52743
2021/08/04,109.02116
2021/08/03,109.12915
2021/08/02,109.5154
2021/07/30,109.65436
2021/07/29,109.83745
2021/07/28,110.07877
2021/07/27,110.05927
2021/07/26,110.33342
2021/07/23,110.57194
2021/07/22,110.25902
2021/07/21,110.11723
2021/07/20,109.57962
2021/07/19,109.60394
2021/07/16,110.17624
2021/07/15,110.02625
2021/07/14,110.31155
2021/07/13,110.22459
2021/07/12,110.15019
2021/07/09,110.01855
2021/07/08,109.73982
2021/07/07,110.60773
2021/07/06,110.65214
2021/07/05,110.88825
2021/07/02,111.42688
2021/07/01,111.42713
2021/06/30,110.59408
2021/06/29,110.64939
2021/06/28,110.94039
2021/06/25,110.68619
2021/06/24,110.75737
2021/06/23,110.81918
2021/06/22,110.55995
2021/06/21,110.09167
2021/06/18,110.2034
2021/06/17,110.65594
2021/06/16,109.85648
2021/06/15,110.07598
2021/06/14,109.76717
2021/06/11,109.59175
2021/06/10,109.53672
2021/06/09,109.37269
2021/06/08,109.40732
2021/06/07,109.34057
2021/06/04,110.085
2021/06/03,109.79733
2021/06/02,109.73248
2021/06/01,109.65235
2021/05/31,109.65495
2021/05/28,110.07248
2021/05/27,109.37859
2021/05/26,108.88871
2021/05/25,108.84703
2021/05/24,108.8847
2021/05/21,108.80374
2021/05/20,108.94862
2021/05/19,109.15493
2021/05/18,108.8938
2021/05/17,109.19872
2021/05/14,109.28813
2021/05/13,109.56874
2021/05/12,108.78033
2021/05/11,108.56204
2021/05/10,108.72709
2021/05/07,109.26279
2021/05/06,109.19569
2021/05/05,109.2878
2021/05/04,109.19225
2021/05/03,109.51511
2021/04/30,108.93892
2021/04/29,108.99497
2021/04/28,108.92295
2021/04/27,108.27267
2021/04/26,108.0182
2021/04/23,107.72418
2021/04/22,108.16869
2021/04/21,108.10361
2021/04/20,108.40594
2021/04/19,108.09306
2021/04/16,108.76856
2021/04/15,108.7218
2021/04/14,108.93514
2021/04/13,109.47377
2021/04/12,109.375
2021/04/09,109.70727
2021/04/08,109.24787
2021/04/07,109.862
2021/04/06,110.28615
2021/04/01,110.70152
2021/03/31,110.79744
2021/03/30,110.28021
2021/03/29,109.6317
2021/03/26,109.77763
2021/03/25,109.09168
2021/03/24,108.75264
2021/03/23,108.55003
2021/03/22,108.81268
2021/03/19,108.93953
2021/03/18,109.20081
2021/03/17,109.19627
2021/03/16,108.90491
2021/03/15,109.20302
2021/03/12,109.05891
2021/03/11,108.46353
2021/03/10,108.57719
2021/03/09,108.87843
2021/03/08,108.6297
2021/03/05,108.3096
2021/03/04,107.3874
2021/03/03,106.91401
2021/03/02,106.90057
2021/03/01,106.72032
2021/02/26,106.28661
2021/02/25,106.11861
2021/02/24,105.95258
2021/02/23,105.39405
2021/02/22,105.4974
2021/02/19,105.28874
2021/02/18,105.66865
2021/02/17,106.08624
2021/02/16,105.54229
2021/02/15,105.30134
2021/02/12,105.01321
2021/02/11,104.65135
2021/02/10,104.75798
2021/02/09,104.577
2021/02/08,105.58836
2021/02/05,105.74981
2021/01/28,104.37516
2021/01/27,103.90457
2021/01/26,103.70584
2021/01/25,103.73601
2021/01/22,103.79174
2021/01/21,103.40517
2021/01/20,103.8096
2021/01/19,103.98945
2021/01/18,103.76326
2021/01/15,103.7202
2021/01/14,104.09931
2021/01/13,103.92898
2021/01/12,104.2184
2021/01/11,104.21771
2021/01/08,103.88571
2021/01/07,103.55979
2021/01/06,102.95834
2021/01/05,102.88485
2021/01/04,102.97658
2020/12/31,103.08043
2020/12/30,103.06164
2020/12/29,103.78497
2020/12/28,103.56003
2020/12/24,103.64964
2020/12/23,103.5591
2020/12/22,103.37446
2020/12/21,103.54062
2020/12/18,103.34448
2020/12/17,103.04589
2020/12/16,103.34728
2020/12/15,103.85502
2020/12/14,103.69183
2020/12/11,104.13128
2020/12/10,104.44078
2020/12/09,104.09613
2020/12/08,104.16048
2020/12/07,104.13918
2020/12/04,103.98881
2020/12/03,104.09843
2020/12/02,104.5334
2020/12/01,104.37834
2020/11/30,104.16528
2020/11/27,104.20232
2020/11/26,104.23529
2020/11/25,104.44912
2020/11/24,104.55963
2020/11/23,103.74758
2020/11/20,103.83545
2020/11/19,104.02299
2020/11/18,103.87597
2020/11/17,104.17438
2020/11/16,104.94505
2020/11/13,104.84977
2020/11/12,105.37698
2020/11/11,105.4479
2020/11/10,105.31843
2020/11/09,104.91458
2020/11/06,103.33614
2020/11/05,103.6356
2020/11/04,104.35116
2020/11/03,104.73423
2020/11/02,104.64298
2020/10/30,104.59908
2020/10/29,104.31476
2020/10/28,104.34041
2020/10/27,104.5808
2020/10/26,105.03427
2020/10/23,104.73178
2020/10/22,104.6612
2020/10/21,104.8515
2020/10/20,105.66469
2020/10/19,105.31184
2020/10/16,105.26361
2020/10/15,105.27441
2020/10/14,105.2766
2020/10/13,105.52303
2020/10/12,105.44114
2020/10/09,105.93472
2020/10/08,105.98385
2020/10/07,105.97281
2020/10/06,105.62103
2020/10/05,105.58294
2020/10/02,105.20034
2020/10/01,105.49694
2020/09/30,105.7055
2020/09/29,105.63152
2020/09/28,105.4156
2020/09/25,105.50112
2020/09/24,105.39287
2020/09/23,105.12316
2020/09/22,104.58262
2020/09/21,104.09773
2020/09/18,104.36069
2020/09/17,104.58591
2020/09/16,105.08046
2020/09/15,105.44063
2020/09/14,105.94476
2020/09/11,106.14139
2020/09/10,106.13554
2020/09/09,106.21762
2020/09/08,106.23674
2020/09/07,106.21617
2020/09/04,106.22361
2020/09/03,106.53517
2020/09/02,106.2305
2020/09/01,105.88137
2020/08/31,105.92127
2020/08/28,105.2371
2020/08/27,106.16636
2020/08/26,106.31945
2020/08/25,106.37379
2020/08/24,105.73141
2020/08/21,105.81188
2020/08/20,105.87342
2020/08/19,105.37166
2020/08/18,105.44263
2020/08/17,106.29377
2020/08/14,106.67062
2020/08/13,106.97203
2020/08/12,106.97477
2020/08/11,106.05958
2020/08/10,106.04438
2020/08/07,105.70365
2020/08/06,105.51381
2020/08/05,105.76177
2020/08/04,106.06035
2020/08/03,106.18284
2020/07/31,104.92066
2020/07/30,105.23716
2020/07/29,105.14286
2020/07/28,105.26585
2020/07/27,105.34014
2020/07/24,106.27154
2020/07/23,107.1657
2020/07/22,107.04785
2020/07/21,107.22713
2020/07/20,107.11915
2020/07/17,107.21911
2020/07/16,107.09655
2020/07/15,106.82454
2020/07/14,107.4022
2020/07/13,107.15862
2020/07/10,106.8464
2020/07/09,107.27385
2020/07/08,107.55804
2020/07/07,107.71479
2020/07/06,107.53201
2020/07/03,107.5196
2020/07/02,107.42513
2020/07/01,107.41964
2020/06/30,107.75138
2020/06/29,107.29351
2020/06/26,106.95621
2020/06/25,107.36607
2020/06/24,106.64894
2020/06/23,106.95353
2020/06/22,106.92054
2020/06/19,106.84211
2020/06/18,106.93281
2020/06/17,107.41631
2020/06/16,107.34878
2020/06/15,107.37581
2020/06/12,107.27176
2020/06/11,107.08495
2020/06/10,107.39341
2020/06/09,108.14592
2020/06/08,109.35755
2020/06/05,109.24095
2020/06/04,108.87111
2020/06/03,108.57602
2020/06/02,108.13496
2020/06/01,107.7276
2020/05/29,107.12105
2020/05/28,107.7342
2020/05/27,107.88827
2020/05/26,107.44419
2020/05/25,107.67186
2020/05/22,107.53852
2020/05/21,107.65455
2020/05/20,107.63826
2020/05/19,107.76256
2020/05/18,107.37629
2020/05/15,106.99204
2020/05/14,107.00519
2020/05/13,106.92414
2020/05/12,107.34942
2020/05/11,107.31707
2020/05/08,106.37278
2020/05/07,106.56589
2020/05/06,106.08865
2020/05/05,106.71401
2020/05/04,106.78121
2020/04/30,106.53733
2020/04/29,106.54861
2020/04/28,106.70222
2020/04/27,107.09547
2020/04/24,107.61111
2020/04/23,107.45451
2020/04/22,107.67461
2020/04/21,107.40057
2020/04/20,107.8361
2020/04/17,107.60589
2020/04/16,107.56796
2020/04/15,107.41998
2020/04/14,107.32464
2020/04/09,108.8893
2020/04/08,108.87683
2020/04/07,108.91135
2020/04/06,108.9241
2020/04/03,108.57673
2020/04/02,107.33541
2020/04/01,107.48903
2020/03/31,108.52501
2020/03/30,108.15661
2020/03/27,108.73645
2020/03/26,109.44358
2020/03/25,111.45285
2020/03/24,110.66126
2020/03/23,110.46091
2020/03/20,110.55384
2020/03/19,109.83242
2020/03/18,107.71904
2020/03/17,106.99326
2020/03/16,105.54809
2020/03/13,107.26765
2020/03/12,103.95018
2020/03/11,104.57833
2020/03/10,104.17032
2020/03/09,102.23464
2020/03/06,105.04587
2020/03/05,106.93662
2020/03/04,107.48764
2020/03/03,107.7359
2020/03/02,107.73242
2020/02/28,108.73645
2020/02/27,109.86866
2020/02/26,110.46437
2020/02/25,110.62731
2020/02/24,111.40691
2020/02/21,111.98963
2020/02/18,109.74482
2020/02/17,109.8754
2020/02/14,109.8598
2020/02/12,109.97801
2020/02/11,109.83396
2020/02/10,109.7434
2020/02/07,109.86416
2020/02/06,109.85186
2020/02/05,109.71605
2020/02/04,109.08762
2020/02/03,108.53063
2020/01/31,108.89432
2020/01/30,108.83126
2020/01/29,109.13553
2020/01/28,109.05952
2020/01/27,108.94331
2020/01/24,109.61486
2020/01/23,109.54828
2020/01/22,109.96573
2020/01/21,110.04049
2020/01/20,110.18493
2020/01/17,110.10983
2020/01/16,109.94718
2020/01/15,109.88153
2020/01/14,110.04948
2020/01/13,109.87776
2020/01/10,109.63845
2020/01/09,109.39694
2020/01/08,108.73594
2020/01/07,108.44074
2020/01/06,108.11149
2020/01/03,108.13672
2020/01/02,108.77334
2019/12/31,108.54549
2019/12/30,109.20547
2019/12/27,109.59383
2019/12/24,109.37726
2019/12/23,109.41761
2019/12/20,109.31783
2019/12/19,109.49897
2019/12/18,109.59064
2019/12/17,109.57714
2019/12/16,109.42939
2019/12/13,109.56685
2019/12/12,108.60196
2019/12/11,108.74944
2019/12/10,108.57633
2019/12/09,108.48758
2019/12/06,108.56319
2019/12/05,108.78853
2019/12/04,108.69958
2019/12/03,108.74356
2019/12/02,109.54368
2019/11/29,109.66126
2019/11/28,109.49568
2019/11/27,109.16523
2019/11/26,108.97459
2019/11/25,108.90262
2019/11/22,108.54585
2019/11/21,108.61059
2019/11/20,108.47274
2019/11/19,108.74786
2019/11/18,108.98653
2019/11/15,108.70944
2019/11/14,108.65691
2019/11/13,108.84063
2019/11/12,109.16024
2019/11/11,108.94846
2019/11/08,109.40729
2019/11/07,109.14508
2019/11/06,108.9991
2019/11/05,108.85768
2019/11/04,108.37964
2019/11/01,108.11563
2019/10/31,108.2392
2019/10/30,108.94111
2019/10/29,108.94998
2019/10/28,108.85722
2019/10/25,108.57117
2019/10/24,108.60891
2019/10/23,108.45096
2019/10/22,108.59838
2019/10/21,108.55634
2019/10/18,108.55169
2019/10/17,108.71052
2019/10/16,108.75283
2019/10/15,108.32198
2019/10/14,108.24041
2019/10/11,108.43974
2019/10/10,107.4524
2019/10/09,107.37638
2019/10/08,106.89059
2019/10/07,106.83162
2019/10/04,106.77657
2019/10/03,106.99479
2019/10/02,107.52403
2019/10/01,108.27675
2019/09/30,107.98971
2019/09/27,108.10242
2019/09/26,107.63394
2019/09/25,107.44855
2019/09/24,107.65246
2019/09/23,107.48293
2019/09/20,107.98731
2019/09/19,107.94253
2019/09/18,108.15163
2019/09/17,108.13532
2019/09/16,107.84154
2019/09/13,107.99387
2019/09/12,107.76247
2019/09/11,107.70699
2019/09/10,107.35507
2019/09/09,106.96094
2019/09/06,107.01913
2019/09/05,106.68294
2019/09/04,106.2171
2019/09/03,106.10771
2019/09/02,106.36397
2019/08/30,106.27039
2019/08/29,106.28613
2019/08/28,105.7295
2019/08/27,105.75468
2019/08/26,105.85642
2019/08/23,106.45278
2019/08/22,106.58666
2019/08/21,106.48415
2019/08/20,106.34706
2019/08/19,106.58381
2019/08/16,106.329
2019/08/15,106.16143
2019/08/14,105.89918
2019/08/13,105.15951
2019/08/12,105.13668
2019/08/09,105.8314
2019/08/08,105.99482
2019/08/07,105.76683
2019/08/06,106.46286
2019/08/05,106.07226
2019/08/02,106.76211
2019/08/01,108.88828
2019/07/31,108.54632
2019/07/30,108.48126
2019/07/29,108.65186
2019/07/26,108.69097
2019/07/25,108.09717
2019/07/24,108.08797
2019/07/23,108.13568
2019/07/22,107.91797
2019/07/19,107.72314
2019/07/18,107.78352
2019/07/17,108.26572
2019/07/16,107.93014
2019/07/15,107.92439
2019/07/12,108.26446
2019/07/11,108.05494
2019/07/10,108.91266
2019/07/09,108.81749
2019/07/08,108.60455
2019/07/05,108.14387
2019/07/04,107.76931
2019/07/03,107.68618
2019/07/02,108.2736
2019/07/01,108.31791
2019/06/28,107.73286
2019/06/27,107.8628
2019/06/26,107.72751
2019/06/25,107.10397
2019/06/24,107.29331
2019/06/21,107.49381
2019/06/20,107.64128
2019/06/19,108.40546
2019/06/18,108.23277
2019/06/17,108.65231
2019/06/14,108.21127
2019/06/13,108.45956
2019/06/12,108.38117
2019/06/11,108.73675
2019/06/10,108.64525
2019/06/07,108.4627
2019/06/06,108.13066
2019/06/05,108.34148
2019/06/04,108.16435
2019/06/03,108.33259
2019/05/31,108.75258
2019/05/30,109.66409
2019/05/29,109.27752
2019/05/28,109.40851
2019/05/27,109.44812
2019/05/24,109.60043
2019/05/23,110.02783
2019/05/22,110.34822
2019/05/21,110.44709
2019/05/20,109.85045
2019/05/17,109.50591
2019/05/16,109.62242
2019/05/15,109.30877
2019/05/14,109.56708
2019/05/13,109.4353
2019/05/10,109.75067
2019/05/09,109.8097
2019/05/08,110.07856
2019/05/07,110.62137
2019/05/06,110.84025
2019/05/03,111.5195
2019/05/02,111.49661
2019/04/30,111.36566
2019/04/29,111.78475
2019/04/26,111.78478
2019/04/25,111.88528
2019/04/24,111.82086
2019/04/23,111.88973
2019/04/18,111.87556
2019/04/17,111.94585
2019/04/16,111.977
2019/04/15,111.95969
2019/04/12,111.96891
2019/04/11,111.23935
2019/04/10,111.16234
2019/04/09,111.29733
2019/04/08,111.47075
2019/04/05,111.67097
2019/04/04,111.42704
2019/04/03,111.44712
2019/04/02,111.36607
2019/04/01,110.96476
2019/03/29,110.76992
2019/03/28,110.67927
2019/03/27,110.48752
2019/03/26,110.45966
2019/03/25,110.06623
2019/03/22,110.24597
2019/03/21,110.58224
2019/03/20,111.52898
2019/03/19,111.45448
2019/03/18,111.49881
2019/03/15,111.56703
2019/03/14,111.63347
2019/03/13,111.37751
2019/03/12,111.10421
2019/03/11,111.09036
2019/03/08,111.13883
2019/03/07,111.76471
2019/03/06,111.80893
2019/03/05,111.92515
2019/03/04,111.94319
2019/03/01,111.87736
2019/02/28,110.75683
2019/02/27,110.57439
2019/02/26,110.84412
2019/02/25,110.74417
2019/02/22,110.86976
2019/02/21,110.70988
2019/02/20,110.74766
2019/02/19,110.75792
2019/02/18,110.54908
2019/02/15,110.52398
2019/02/14,111.04011
2019/02/13,110.73861
2019/02/12,110.39306
2019/02/11,110.20426
2019/02/08,109.792
2019/02/07,109.66064
2019/02/06,109.75075
2019/02/05,109.94485
2019/02/04,109.89078
2019/02/01,108.89199
2019/01/31,108.6438
2019/01/30,109.4409
2019/01/29,109.46419
2019/01/28,109.42372
2019/01/25,109.9242
2019/01/24,109.71696
2019/01/23,109.70353
2019/01/22,109.4328
2019/01/21,109.66379
2019/01/18,109.43694
2019/01/17,108.76623
2019/01/16,108.79796
2019/01/15,108.56092
2019/01/14,108.07535
2019/01/11,108.3066
2019/01/10,108.10577
2019/01/09,108.86076
2019/01/08,108.79371
2019/01/07,108.25688
2019/01/04,108.04174
2019/01/03,107.69299
2019/01/02,109.04624
2018/12/31,109.91266
2018/12/28,110.35446
2018/12/27,110.87281
2018/12/24,110.8608
2018/12/21,111.24934
2018/12/20,111.72823
2018/12/19,112.32793
2018/12/18,112.38464
2018/12/17,113.2528
2018/12/14,113.5401
2018/12/13,113.49925
2018/12/12,113.40561
2018/12/11,113.14703
2018/12/10,112.72648
2018/12/07,112.88365
2018/12/06,112.80063
2018/12/05,113.00863
2018/12/04,112.78815
2018/12/03,113.57218
2018/11/30,113.55753
2018/11/29,113.2783
2018/11/28,113.85147
2018/11/27,113.57698
2018/11/26,113.26234
2018/11/23,112.81712
2018/11/22,112.95273
2018/11/21,113.10369
2018/11/20,112.37195
2018/11/19,112.79426
2018/11/16,113.1412
2018/11/15,113.36577
2018/11/14,113.88102
2018/11/13,113.9508
2018/11/12,113.80382
2018/11/09,113.92561
2018/11/08,113.70798
2018/11/07,113.18882
2018/11/06,113.15191
2018/11/05,113.28936
2018/11/02,112.89305
2018/11/01,112.80611
2018/10/31,113.22672
2018/10/30,112.80338
2018/10/29,112.39786
2018/10/26,112.05818
2018/10/25,112.35985
2018/10/24,112.71402
2018/10/23,112.17982
2018/10/22,112.78058
2018/10/19,112.5109
2018/10/18,112.50761
2018/10/17,112.25499
2018/10/16,112.12566
2018/10/15,111.84699
2018/10/12,112.31208
2018/10/11,112.31102
2018/10/10,113.24348
2018/10/09,113.20507
2018/10/08,113.35599
2018/10/05,113.87971
2018/10/04,114.16275
2018/10/03,113.84655
2018/10/02,113.8872
2018/10/01,113.94968
2018/09/28,113.36386
2018/09/27,112.88118
2018/09/26,112.98458
2018/09/25,112.74518
2018/09/24,112.59662
2018/09/21,112.62862
2018/09/20,112.14207
2018/09/19,112.23108
2018/09/18,112.17406
2018/09/17,112.06409
2018/09/14,111.8573
2018/09/13,111.60069
2018/09/12,111.4631
2018/09/11,111.30119
2018/09/10,111.08806
2018/09/07,110.83943
2018/09/06,111.35465
2018/09/05,111.52651
2018/09/04,111.22643
2018/09/03,111.14652
2018/08/31,110.76302
2018/08/30,111.46083
2018/08/29,111.26072
2018/08/28,111.04184
2018/08/27,111.02897
2018/08/24,111.29617
2018/08/23,110.81268
2018/08/22,110.26171
2018/08/21,110.42427
2018/08/20,110.55166
2018/08/17,110.39417
2018/08/16,110.83553
2018/08/15,111.00609
2018/08/14,110.8364
2018/08/13,110.5937
2018/08/10,110.92004
2018/08/09,111.13603
2018/08/08,111.07084
2018/08/07,111.0843
2018/08/06,111.47882
2018/08/03,111.58095
2018/08/02,111.41431
2018/08/01,111.84166
2018/07/31,111.48603
2018/07/30,111.08353
2018/07/27,111.1828
2018/07/26,110.88255
2018/07/25,111.03507
2018/07/24,111.10542
2018/07/23,111.11301
2018/07/20,112.20223
2018/07/19,113.03072
2018/07/18,112.75515
2018/07/17,112.59076
2018/07/16,112.32935
2018/07/13,112.54831
2018/07/12,112.4807
2018/07/11,111.23136
2018/07/10,111.24392
2018/07/09,110.45042
2018/07/06,110.58512
2018/07/05,110.62431
2018/07/04,110.49648
2018/07/03,110.66438
2018/07/02,110.71398
2018/06/29,110.68794
2018/06/28,110.18734
2018/06/27,110.26171
2018/06/26,109.62132
2018/06/25,109.5812
2018/06/22,110.14766
2018/06/21,110.58242
2018/06/20,110.02764
2018/06/19,109.9185
2018/06/18,110.4538
2018/06/15,110.65022
2018/06/14,110.1023
2018/06/13,110.53213
2018/06/12,110.30709
2018/06/11,109.94063
2018/06/08,109.44359
2018/06/07,110.05407
2018/06/06,110.13175
2018/06/05,109.7045
2018/06/04,109.43171
2018/06/01,109.46953
2018/05/31,108.83836
2018/05/30,108.97524
2018/05/29,108.91158
2018/05/28,109.35246
2018/05/25,109.39615
2018/05/24,109.53274
2018/05/23,109.84797
2018/05/22,110.81906
2018/05/21,111.26796
2018/05/18,110.93286
2018/05/17,110.68191
2018/05/16,110.17481
2018/05/15,110.04797
2018/05/14,109.50117
2018/05/11,109.30116
2018/05/10,109.63125
2018/05/09,109.63886
2018/05/08,109.05644
2018/05/07,109.35137
2018/05/04,108.92305
2018/05/03,109.26451
2018/05/02,109.80262
2018/04/30,109.37992
2018/04/27,109.32063
2018/04/26,109.19625
2018/04/25,109.17522
2018/04/24,108.83485
2018/04/23,108.17127
2018/04/20,107.5717
2018/04/19,107.31707
2018/04/18,107.21666
2018/04/17,107.10528
2018/04/16,107.33226
2018/04/13,107.68856
2018/04/12,107.14923
2018/04/11,106.7991
2018/04/10,107.014
2018/04/09,107.00585
2018/04/06,107.3402
2018/04/05,107.06362
2018/04/04,106.24796
2018/04/03,106.23984
2018/03/29,106.44428
2018/03/28,106.14615
2018/03/27,105.88235
2018/03/26,105.12449
2018/03/23,105.08667
2018/03/22,105.35076
2018/03/21,106.21846
2018/03/20,106.4842
2018/03/19,106.14185
2018/03/16,105.85318
2018/03/15,106.0692
2018/03/14,106.53246
2018/03/13,106.89126
2018/03/12,106.51927
2018/03/09,106.83427
2018/03/08,106.13477
2018/03/07,105.83072
2018/03/06,106.22835
2018/03/05,105.64719
2018/03/02,105.40123
2018/03/01,106.79484
2018/02/28,107.02473
2018/02/27,107.12137
2018/02/26,106.81818
2018/02/23,106.74039
2018/02/22,107.09514
2018/02/21,107.54548
2018/02/20,107.1718
2018/02/19,106.55923
2018/02/16,106.17779
2018/02/15,106.54767
2018/02/14,107.22384
2018/02/13,107.6948
2018/02/12,108.64389
2018/02/09,108.84869
2018/02/08,109.62292
2018/02/07,109.28838
2018/02/06,109.4736
2018/02/05,109.86334
2018/02/02,109.8463
2018/02/01,109.65567
2018/01/31,108.85446
2018/01/30,108.6708
2018/01/29,108.8537
2018/01/26,109.31972
2018/01/25,108.90626
2018/01/24,109.39929
2018/01/23,110.49882
2018/01/22,110.84239
2018/01/19,110.59976
2018/01/18,111.21373
2018/01/17,110.80062
2018/01/16,110.71137
2018/01/15,110.62149
2018/01/12,111.13125
2018/01/11,111.66681
2018/01/10,111.42428
2018/01/09,112.56286
2018/01/08,113.03767
2018/01/05,113.28352
2018/01/04,112.65644
2018/01/03,112.25984
2018/01/02,112.184
2017/12/29,112.574
2017/12/28,112.90431
2017/12/27,113.24086
2017/12/22,113.36371
2017/12/21,113.49186
2017/12/20,113.26298
2017/12/19,112.68714
2017/12/18,112.47139
2017/12/15,112.18872
2017/12/14,112.61292
2017/12/13,113.318
2017/12/12,113.49652
2017/12/11,113.3096
2017/12/08,113.49004
2017/12/07,112.74393
2017/12/06,112.14352
2017/12/05,112.57702
2017/12/04,112.86136
2017/12/01,112.49474
2017/11/30,112.31328
2017/11/29,111.81196
2017/11/28,111.23822
2017/11/27,111.01908
2017/11/24,111.34125
2017/11/23,111.23396
2017/11/22,112.01804
2017/11/21,112.53627
2017/11/20,112.1297
2017/11/17,112.60704
2017/11/16,113.0915
2017/11/15,112.71115
2017/11/14,113.48659
2017/11/13,113.30645
2017/11/10,113.33448
2017/11/09,113.28461
2017/11/08,113.49439
2017/11/07,114.19305
2017/11/06,114.1415
2017/11/03,113.94012
2017/11/02,114.12623
2017/11/01,114.19221
2017/10/31,113.42155
2017/10/30,113.52911
2017/10/27,114.19216
2017/10/26,113.80073
2017/10/25,114.05176
2017/10/24,113.89338
2017/10/23,113.79046
2017/10/20,113.17482
2017/10/19,112.54014
2017/10/18,112.87769
2017/10/17,112.20342
2017/10/16,111.8275
2017/10/13,112.18459
2017/10/12,112.2807
2017/10/11,112.18935
2017/10/10,112.35907
2017/10/09,112.68517
2017/10/06,112.94952
2017/10/05,112.45955
2017/10/04,112.38653
2017/10/03,112.9669
2017/10/02,112.82357
2017/09/29,112.50212
2017/09/28,112.54882
2017/09/27,112.93757
2017/09/26,111.9793
2017/09/25,112.23561
2017/09/22,112.03913
2017/09/21,112.44015
2017/09/20,111.29341
2017/09/19,111.46007
2017/09/18,111.39103
2017/09/15,111.10925
2017/09/14,110.68574
2017/09/13,110.01753
2017/09/12,109.72094
2017/09/11,108.67717
2017/09/08,107.37977
2017/09/07,108.87979
2017/09/06,108.8928
2017/09/05,109.32717
2017/09/04,109.70181
2017/09/01,110.14262
2017/08/31,110.62156
2017/08/30,110.14602
2017/08/29,108.61554
2017/08/28,109.29979
2017/08/25,109.74763
2017/08/24,109.3173
2017/08/23,109.08552
2017/08/22,109.36199
2017/08/21,108.97883
2017/08/18,109.046
2017/08/17,110.12225
2017/08/16,110.83689
2017/08/15,110.41383
2017/08/14,109.58718
2017/08/11,109.14577
2017/08/10,109.75111
2017/08/09,109.74341
2017/08/08,110.30134
2017/08/07,110.85869
2017/08/04,110.1028
2017/08/03,110.37943
2017/08/02,110.72787
2017/08/01,110.50626
2017/07/31,110.59947
2017/07/28,111.15185
2017/07/27,111.44177
2017/07/26,111.86877
2017/07/25,111.40756
2017/07/24,110.82589
2017/07/21,111.42415
2017/07/20,112.25076
2017/07/19,111.87896
2017/07/18,112.03808
2017/07/17,112.42366
2017/07/14,113.0968
2017/07/13,113.1383
2017/07/12,113.5645
2017/07/11,114.30075
2017/07/10,114.14771
2017/07/07,113.73992
2017/07/06,113.31577
2017/07/05,113.5493
2017/07/04,113.2476
2017/07/03,112.99147
2017/06/30,111.94357
2017/06/29,112.66976
2017/06/28,112.11429
2017/06/27,111.86381
2017/06/26,111.67426
2017/06/23,111.30404
2017/06/22,111.26332
2017/06/21,111.42908
2017/06/20,111.37504
2017/06/19,110.95634
2017/06/16,111.33698
2017/06/15,110.11105
2017/06/14,110.30974
2017/06/13,110.03833
2017/06/12,109.88325
2017/06/09,110.45097
2017/06/08,110.22353
2017/06/07,109.45886
2017/06/06,109.36223
2017/06/05,110.49871
2017/06/02,111.45583
2017/06/01,110.9992
2017/05/31,110.86356
2017/05/30,110.95498
2017/05/29,111.34251
2017/05/26,111.09325
2017/05/25,111.76208
2017/05/24,111.81095
2017/05/23,111.11904
2017/05/22,111.34039
2017/05/19,111.23535
2017/05/18,110.56699
2017/05/17,112.27849
2017/05/16,113.63595
2017/05/15,113.42508
2017/05/12,113.847
2017/05/11,113.89503
2017/05/10,113.80261
2017/05/09,113.92359
2017/05/08,112.54343
2017/05/05,112.48061
2017/05/04,112.84891
2017/05/03,112.16229
2017/05/02,112.27668
2017/04/28,111.39982
2017/04/27,111.45115
2017/04/26,111.40182
2017/04/25,110.4949
2017/04/24,110.31527
2017/04/21,109.10451
2017/04/20,109.03676
2017/04/19,109.00699
2017/04/18,108.8373
2017/04/13,109.13452
2017/04/12,109.58982
2017/04/11,110.55011
2017/04/10,111.28758
2017/04/07,110.66792
2017/04/06,110.84755
2017/04/05,110.96647
2017/04/04,110.36522
2017/04/03,111.28412
2017/03/31,111.82303
2017/03/30,111.19493
2017/03/29,110.87644
2017/03/28,110.36007
2017/03/27,110.13867
2017/03/24,111.14299
2017/03/23,110.66197
2017/03/22,111.10391
2017/03/21,112.55323
2017/03/20,112.71391
2017/03/17,113.15079
2017/03/16,113.32277
2017/03/15,114.63943
2017/03/14,114.88101
2017/03/13,114.74257
2017/03/10,115.42523
2017/03/09,114.63368
2017/03/08,114.29519
2017/03/07,114.04123
2017/03/06,113.81231
2017/03/03,114.3682
2017/03/02,114.3618
2017/03/01,113.77575
2017/02/28,112.13551
2017/02/27,112.27921
2017/02/24,112.20662
2017/02/23,112.83458
2017/02/22,112.99344
2017/02/21,113.66613
2017/02/20,113.14054
2017/02/17,112.75117
2017/02/16,113.54675
2017/02/15,114.4955
2017/02/14,113.36722
2017/02/13,113.74541
2017/02/10,113.51021
2017/02/09,112.27086
2017/02/08,111.94562
2017/02/07,112.35597
2017/02/06,112.28529
2017/02/03,113.10865
2017/02/02,112.3242
2017/02/01,113.29935
2017/01/31,113.37982
2017/01/30,114.54374
2017/01/27,115.16712
2017/01/26,114.39252
2017/01/25,113.36684
2017/01/24,113.36993
2017/01/23,113.59776
2017/01/20,115.18999
2017/01/19,114.5763
2017/01/18,113.51275
2017/01/17,113.34706
2017/01/16,114.13064
2017/01/13,114.35137
2017/01/12,113.95262
2017/01/11,116.29058
2017/01/10,116.2487
2017/01/09,116.64131
2017/01/06,115.99773
2017/01/05,116.54128
2017/01/04,117.50503
2017/01/03,118.19933
2017/01/02,117.45819
2016/12/30,117.06669
2016/12/29,116.75117
2016/12/28,117.67138
2016/12/27,117.38631
2016/12/23,117.3655
2016/12/22,117.63692
2016/12/21,117.36877
2016/12/20,118.13007
2016/12/19,117.24237
2016/12/16,118.1914
2016/12/15,118.08235
2016/12/14,114.98497
2016/12/13,115.24034
2016/12/12,115.78898
2016/12/09,115.04877
2016/12/08,113.92864
2016/12/07,114.09133
2016/12/06,113.91839
2016/12/05,114.29639
2016/12/02,113.88837
2016/12/01,114.22791
2016/11/30,113.28632
2016/11/29,112.97277
2016/11/28,112.6275
2016/11/25,113.03814
2016/11/24,113.22526
2016/11/23,111.33748
2016/11/22,110.89762
2016/11/21,110.61048
2016/11/18,110.02917
2016/11/17,109.28431
2016/11/16,109.55896
2016/11/15,108.26753
2016/11/14,107.88717
2016/11/11,106.34629
2016/11/10,106.838
2016/11/09,103.91943
2016/11/08,104.78348
2016/11/07,104.3211
2016/11/04,102.98386
2016/11/03,103.26283
2016/11/02,103.3078
2016/11/01,104.8254
2016/10/31,105.0338
2016/10/28,105.38363
2016/10/27,104.68564
2016/10/26,104.32037
2016/10/25,104.53458
2016/10/24,104.02167
2016/10/21,103.76631
2016/10/20,103.60656
2016/10/19,103.37007
2016/10/18,104.03893
2016/10/17,104.11133
2016/10/14,104.30831
2016/10/13,103.7235
2016/10/12,103.902
2016/10/11,103.70972
2016/10/10,103.39606
2016/10/07,103.62657
2016/10/06,103.71033
2016/10/05,103.15761
2016/10/04,102.58937
2016/10/03,101.37059
2016/09/30,101.32605
2016/09/29,101.48828
2016/09/28,100.60579
2016/09/27,100.2852
2016/09/26,100.43509
2016/09/23,100.78473
2016/09/22,100.72077
2016/09/21,100.88789
2016/09/20,101.86874
2016/09/19,101.79131
2016/09/16,101.86175
2016/09/15,102.16812
2016/09/14,102.84364
2016/09/13,102.23171
2016/09/12,101.88847
2016/09/09,102.81328
2016/09/08,101.6289
2016/09/07,101.65525
2016/09/06,103.40532
2016/09/05,103.29867
2016/09/02,103.48432
2016/09/01,103.70537
2016/08/31,103.31477
2016/08/30,102.31913
2016/08/29,102.27395
2016/08/26,100.38087
2016/08/25,100.48716
2016/08/24,100.23962
2016/08/23,100.07937
2016/08/22,100.59261
2016/08/19,100.23839
2016/08/18,100.34449
2016/08/17,100.68287
2016/08/16,99.81408
2016/08/15,101.04651
2016/08/12,101.96272
2016/08/11,101.36286
2016/08/10,101.11767
2016/08/09,102.2477
2016/08/08,102.45332
2016/08/05,101.04876
2016/08/04,101.16739
2016/08/03,101.08929
2016/08/02,101.59921
2016/08/01,102.36474
2016/07/29,103.32943
2016/07/28,104.72498
2016/07/27,105.75016
2016/07/26,104.27389
2016/07/25,106.21016
2016/07/22,106.10133
2016/07/21,106.26419
2016/07/20,106.53773
2016/07/19,106.20752
2016/07/18,105.69076
2016/07/15,105.70633
2016/07/14,105.65564
2016/07/13,104.60621
2016/07/12,103.93978
2016/07/11,102.47986
2016/07/08,100.42457
2016/07/07,100.99278
2016/07/06,100.7137
2016/07/05,101.83025
2016/07/04,102.61268
2016/07/01,102.64032
2016/06/30,102.72924
2016/06/29,102.66005
2016/06/28,102.41127
2016/06/27,101.65485
2016/06/24,102.32243
2016/06/23,105.69848
2016/06/22,104.59098
2016/06/21,104.64027
2016/06/20,104.6329
2016/06/17,104.26515
2016/06/16,104.39413
2016/06/15,106.2244
2016/06/14,105.99555
2016/06/13,106.06141
2016/06/10,106.85598
2016/06/09,106.42687
2016/06/08,107.02232
2016/06/07,107.64892
2016/06/06,107.12838
2016/06/03,108.90264
2016/06/02,109.00965
2016/06/01,109.24468
2016/05/31,111.01847
2016/05/30,111.18592
2016/05/27,109.65258
2016/05/26,110.07342
2016/05/25,110.16508
2016/05/24,109.74212
2016/05/23,109.40704
2016/05/20,110.35743
2016/05/19,110.00268
2016/05/18,109.38913
2016/05/17,109.49814
2016/05/16,108.85729
2016/05/13,108.88262
2016/05/12,109.31601
2016/05/11,108.76501
2016/05/10,109.11648
2016/05/09,108.28434
2016/05/06,106.96596
2016/05/05,107.09852
2016/05/04,106.57975
2016/05/03,105.91235
2016/05/02,106.56052
2016/04/29,107.28756
2016/04/28,108.15284
2016/04/27,111.28904
2016/04/26,111.14557
2016/04/25,110.92862
2016/04/22,110.85856
2016/04/21,109.64333
2016/04/20,109.14843
2016/04/19,109.40668
2016/04/18,108.19034
2016/04/15,108.92414
2016/04/14,109.39389
2016/04/13,109.28483
2016/04/12,108.31871
2016/04/11,108.23529
2016/04/08,108.56288
2016/04/07,108.36853
2016/04/06,110.38285
2016/04/05,110.68004
2016/04/04,111.57293
2016/04/01,112.02764
2016/03/31,112.3408
2016/03/30,112.47792
2016/03/29,113.56977
2016/03/24,112.435
2016/03/23,112.801
2016/03/22,111.60364
2016/03/21,111.73809
2016/03/18,111.52584
2016/03/17,111.64353
2016/03/16,113.59364
2016/03/15,112.84544
2016/03/14,113.64331
2016/03/11,113.76916
2016/03/10,114.09229
2016/03/09,112.66746
2016/03/08,112.98513
2016/03/07,113.62184
2016/03/04,113.73747
2016/03/03,113.96202
2016/03/02,114.28703
2016/03/01,113.07947
2016/02/29,113.09699
2016/02/26,113.04743
2016/02/25,112.46032
2016/02/24,111.88416
2016/02/23,111.90693
2016/02/22,113.23236
2016/02/19,113.0137
2016/02/18,113.83075
2016/02/17,114.13434
2016/02/16,113.75605
2016/02/15,114.13238
2016/02/12,112.70067
2016/02/11,112.18824
2016/02/10,114.96846
2016/02/09,114.87184
2016/02/08,116.30484
2016/02/05,116.68452
2016/02/04,117.33893
2016/02/03,119.43657
2016/02/02,120.74366
2016/02/01,121.26975
2016/01/29,121.10806
2016/01/28,118.88471
2016/01/27,118.3964
2016/01/26,118.31688
2016/01/25,118.41886
2016/01/22,118.21799
2016/01/21,116.98338
2016/01/20,116.6957
2016/01/19,117.88738
2016/01/18,117.31546
2016/01/15,117.09731
2016/01/14,117.74534
2016/01/13,118.10281
2016/01/12,117.93097
2016/01/11,117.8637
2016/01/08,118.32244
2016/01/07,117.53773
2016/01/06,118.40439
2016/01/05,119.00242
2016/01/04,119.08607
2015/12/31,120.39129
2015/12/30,120.50156
2015/12/29,120.41636
2015/12/28,120.46159
2015/12/24,120.42569
2015/12/23,120.85013
2015/12/22,120.90942
2015/12/21,121.37075
2015/12/18,121.44703
2015/12/17,122.51637
2015/12/16,121.81469
2015/12/15,120.99181
2015/12/14,120.67741
2015/12/11,121.47945
2015/12/10,121.51147
2015/12/09,122.51165
2015/12/08,122.88736
2015/12/07,123.41567
2015/12/04,122.98661
2015/12/03,123.30616
2015/12/02,123.16246
2015/12/01,123.17925
2015/11/30,123.09292
2015/11/27,122.63705
2015/11/26,122.55937
2015/11/25,122.74702
2015/11/24,122.54248
2015/11/23,123.14928
2015/11/20,122.82934
2015/11/19,123.14026
2015/11/18,123.42959
2015/11/17,123.23336
2015/11/16,123.1092
2015/11/13,122.66815
2015/11/12,122.99086
2015/11/11,123.08697
2015/11/10,123.21912
2015/11/09,123.49666
2015/11/06,121.8796
2015/11/05,121.88735
2015/11/04,121.12483
2015/11/03,120.85459
2015/11/02,120.5765
2015/10/30,120.6136
2015/10/29,121.043
2015/10/28,120.32476
2015/10/27,120.29654
2015/10/26,121.02443
2015/10/23,120.71454
2015/10/22,119.76487
2015/10/21,120.0458
2015/10/20,119.72215
2015/10/19,119.37704
2015/10/16,119.0581
2015/10/15,118.21838
2015/10/14,119.61437
2015/10/13,119.71162
2015/10/12,120.11782
2015/10/09,120.26932
2015/10/08,119.88626
2015/10/07,120.09586
2015/10/06,120.34034
2015/10/05,120.21182
2015/10/02,120.28674
2015/10/01,119.75253
2015/09/30,120.22672
2015/09/29,119.93931
2015/09/28,120.08057
2015/09/25,120.99363
2015/09/24,119.63348
2015/09/23,120.20628
2015/09/22,119.90139
2015/09/21,120.44444
2015/09/18,119.37122
2015/09/17,120.89816
2015/09/16,120.63591
2015/09/15,119.64664
2015/09/14,120.33613
2015/09/11,120.71353
2015/09/10,121.0371
2015/09/09,120.88159
2015/09/08,119.88891
2015/09/07,119.40606
2015/09/04,119.24942
2015/09/03,120.20661
2015/09/02,120.13327
2015/09/01,120.03382
2015/08/31,121.32858
2015/08/28,120.83777
2015/08/27,120.18788
2015/08/26,119.68076
2015/08/25,119.79837
2015/08/24,119.85735
2015/08/21,122.68416
2015/08/20,123.8487
2015/08/19,124.36374
2015/08/18,124.26763
2015/08/17,124.52252
2015/08/14,124.16077
2015/08/13,124.43064
2015/08/12,124.11475
2015/08/11,124.82135
2015/08/10,124.69891
2015/08/07,124.6961
2015/08/06,124.88746
2015/08/05,124.25802
2015/08/04,124.00437
2015/08/03,124.25349
2015/07/31,124.31841
2015/07/30,124.37243
2015/07/29,123.7534
2015/07/28,123.77324
2015/07/27,123.19588
2015/07/24,124.05156
2015/07/23,123.78398
2015/07/22,123.81214
2015/07/21,124.38576
2015/07/20,124.24438
2015/07/17,123.98751
2015/07/16,124.1373
2015/07/15,123.48987
2015/07/14,123.30704
2015/07/13,123.35958
2015/07/10,122.37819
2015/07/09,121.49448
2015/07/08,121.44412
2015/07/07,122.47736
2015/07/06,122.73801
2015/07/03,122.90916
2015/07/02,123.63998
2015/07/01,123.09009
2015/06/30,122.45062
2015/06/29,122.88691
2015/06/26,123.71005
2015/06/25,123.61235
2015/06/24,123.90083
2015/06/23,123.81292
2015/06/22,123.22609
2015/06/19,123.18789
2015/06/18,122.71133
2015/06/17,123.92943
2015/06/16,123.42399
2015/06/15,123.49795
2015/06/12,123.68984
2015/06/11,123.70905
2015/06/10,122.96303
2015/06/09,124.06436
2015/06/08,125.28221
2015/06/05,124.77269
2015/06/04,124.123
2015/06/03,124.35782
2015/06/02,124.68946
2015/06/01,124.07712
2015/05/29,123.9289
2015/05/28,124.22907
2015/05/27,123.69511
2015/05/26,122.7073
2015/05/25,121.50665
2015/05/22,120.93336
2015/05/21,121.07249
2015/05/20,120.91203
2015/05/19,120.17889
2015/05/18,119.70322
2015/05/15,119.86229
2015/05/14,119.20483
2015/05/13,119.69521
2015/05/12,119.98398
2015/05/11,119.94256
2015/05/08,120.22101
2015/05/07,119.16851
2015/05/06,119.84862
2015/05/05,120.46415
2015/05/04,120.22059
2015/04/30,118.823
2015/04/29,119.25105
2015/04/28,119.05372
2015/04/27,119.41416
2015/04/24,119.5122
2015/04/23,120.08912
2015/04/22,119.56623
2015/04/21,119.39252
2015/04/20,119.07116
2015/04/17,118.78121
2015/04/16,119.16721
2015/04/15,119.59542
2015/04/14,119.90723
2015/04/13,120.54587
2015/04/10,120.45412
2015/04/09,119.93689
2015/04/08,119.76616
2015/04/07,120.15304
2015/04/02,119.65836
2015/04/01,120.21385
2015/03/31,119.85315
2015/03/30,119.88935
2015/03/27,119.18755
2015/03/26,119.0832
2015/03/25,119.37187
2015/03/24,119.53425
2015/03/23,119.86804
2015/03/20,120.87973
2015/03/19,120.93285
2015/03/18,121.17636
2015/03/17,121.20357
2015/03/16,121.20868
2015/03/13,121.46235
2015/03/12,120.88005
2015/03/11,121.31783
2015/03/10,121.33544
2015/03/09,120.9116
2015/03/06,119.93068
2015/03/05,120.24573
2015/03/04,119.69615
2015/03/03,119.75287
2015/03/02,119.77376
2015/02/27,119.26157
2015/02/26,118.8831
2015/02/25,118.91415
2015/02/24,119.49153
2015/02/23,119.04762
2015/02/20,118.5254
2015/02/19,119.01291
2015/02/18,119.31938
2015/02/17,118.79982
2015/02/16,118.56592
2015/02/13,119.02293
2015/02/12,119.80932
2015/02/11,119.76313
2015/02/10,119.20864
2015/02/09,118.59867
2015/02/06,117.30584
2015/02/05,117.42331
2015/02/04,117.49956
2015/02/03,117.33474
2015/02/02,117.6481
2015/01/30,117.71782
2015/01/29,117.92311
2015/01/28,117.85966
2015/01/27,117.70741
2015/01/26,118.31199
2015/01/23,117.98535
2015/01/22,117.66225
2015/01/21,117.37255
2015/01/20,118.63719
2015/01/19,117.42352
2015/01/16,116.55161
2015/01/15,116.56987
2015/01/14,116.75584
2015/01/13,118.45188
2015/01/12,119.07828
2015/01/09,119.19919
2015/01/08,119.81645
2015/01/07,119.32212
2015/01/06,118.92731
2015/01/05,120.01679
2015/01/02,120.57627
2014/12/31,119.61947
2014/12/30,119.58059
2014/12/29,120.48864
2014/12/24,120.36173
2014/12/23,120.19979
2014/12/22,119.96085
2014/12/19,119.23609
2014/12/18,118.81156
2014/12/17,117.19955
2014/12/16,116.28779
2014/12/15,118.83953
2014/12/12,118.40161
2014/12/11,118.44223
2014/12/10,118.89122
2014/12/09,119.67014
2014/12/08,121.10458
2014/12/05,120.55493
2014/12/04,119.92527
2014/12/03,119.37394
2014/12/02,119.18867
2014/12/01,118.38961
2014/11/28,118.31291
2014/11/27,117.52404
2014/11/26,117.76353
2014/11/25,118.04572
2014/11/24,118.30782
2014/11/21,117.90372
2014/11/20,118.23112
2014/11/19,117.63063
2014/11/18,116.59741
2014/11/17,116.27721
2014/11/14,116.54873
2014/11/13,115.50257
2014/11/12,115.20815
2014/11/11,115.80811
2014/11/10,114.17588
2014/11/07,115.29896
2014/11/06,114.50827
2014/11/05,114.7516
2014/11/04,113.44095
2014/11/03,113.81574
2014/10/31,111.9291
2014/10/30,108.96174
2014/10/29,108.14949
2014/10/28,107.82083
2014/10/27,107.8634
2014/10/24,107.93902
2014/10/23,107.68016
2014/10/22,106.98023
2014/10/21,106.72308
2014/10/20,106.95999
2014/10/17,106.41036
2014/10/16,105.85144
2014/10/15,106.97931
2014/10/14,106.98245
2014/10/13,107.22454
2014/10/10,107.82561
2014/10/09,107.63143
2014/10/08,108.31949
2014/10/07,108.59047
2014/10/06,109.23199
2014/10/03,108.95688
2014/10/02,108.8354
2014/10/01,109.91827
2014/09/30,109.7592
2014/09/29,109.41658
2014/09/26,109.11876
2014/09/25,109.2511
2014/09/24,108.76345
2014/09/23,108.49364
2014/09/22,109.06189
2014/09/19,108.80797
2014/09/18,108.84866
2014/09/17,107.32479
2014/09/16,107.08935
2014/09/15,107.25738
2014/09/12,107.27709
2014/09/11,107.03899
2014/09/10,106.65945
2014/09/09,106.10758
2014/09/08,105.2908
2014/09/05,105.24405
2014/09/04,105.17864
2014/09/03,105.01863
2014/09/02,104.94091
2014/09/01,104.29453
2014/08/29,103.96573
2014/08/28,103.71832
2014/08/27,103.87797
2014/08/26,103.96452
2014/08/25,103.88636
2014/08/22,103.79136
2014/08/21,103.83803
2014/08/20,103.30473
2014/08/19,102.68084
2014/08/18,102.53306
2014/08/15,102.57693
2014/08/14,102.43775
2014/08/13,102.46257
2014/08/12,102.27034
2014/08/11,102.13656
2014/08/08,101.91963
2014/08/07,102.30401
2014/08/06,102.34545
2014/08/05,102.72007
2014/08/04,102.60766
2014/08/01,102.96379
2014/07/31,102.89259
2014/07/30,102.26849
2014/07/29,102.04781
2014/07/28,101.79409
2014/07/25,101.9122
2014/07/24,101.67013
2014/07/23,101.38136
2014/07/22,101.57258
2014/07/21,101.32416
2014/07/18,101.34566
2014/07/17,101.49353
2014/07/16,101.78096
2014/07/15,101.57937
2014/07/14,101.48235
2014/07/11,101.32402
2014/07/10,101.34519
2014/07/09,101.72756
2014/07/08,101.74406
2014/07/07,101.92025
2014/07/04,102.05328
2014/07/03,101.90532
2014/07/02,101.53046
2014/07/01,101.53419
2014/06/30,101.36184
2014/06/27,101.38767
2014/06/26,101.78598
2014/06/25,101.89497
2014/06/24,101.92392
2014/06/23,101.83878
2014/06/20,102.06064
2014/06/19,101.92364
2014/06/18,102.22665
2014/06/17,102.00472
2014/06/16,101.84008
2014/06/13,102.02453
2014/06/12,102.09935
2014/06/11,102.00782
2014/06/10,102.33262
2014/06/09,102.43239
2014/06/06,102.41167
2014/06/05,102.63138
2014/06/04,102.57577
2014/06/03,102.33785
2014/06/02,102.0792
2014/05/30,101.68296
2014/05/29,101.63091
2014/05/28,101.94738
2014/05/27,101.92844
2014/05/26,101.92153
2014/05/23,101.92223
2014/05/22,101.66813
2014/05/21,101.03832
2014/05/20,101.35747
2014/05/19,101.19577
2014/05/16,101.45298
2014/05/15,101.88886
2014/05/14,101.79313
2014/05/13,102.34985
2014/05/12,101.93244
2014/05/09,101.69073
2014/05/08,101.73439
2014/05/07,101.73045
2014/05/06,101.74973
2014/05/05,101.94609
2014/05/02,102.4816
2014/04/30,102.57762
2014/04/29,102.72675
2014/04/28,102.33749
2014/04/25,101.98106
2014/04/24,102.48191
2014/04/23,102.25531
2014/04/22,102.54759
2014/04/17,102.17972
2014/04/16,102.27601
2014/04/15,101.8764
2014/04/14,101.88038
2014/04/11,101.42013
2014/04/10,101.68025
2014/04/09,102.02262
2014/04/08,102.29418
2014/04/07,103.22087
2014/04/04,103.89051
2014/04/03,103.92855
2014/04/02,103.68249
2014/04/01,103.35751
2014/03/31,103.29272
2014/03/28,102.4057
2014/03/27,102.30411
2014/03/26,102.42187
2014/03/25,102.41497
2014/03/24,102.40308
2014/03/21,102.373
2014/03/20,102.34704
2014/03/19,101.56688
2014/03/18,101.49619
2014/03/17,101.71868
2014/03/14,101.28925
2014/03/13,102.78296
2014/03/12,102.74357
2014/03/11,103.2852
2014/03/10,103.29947
2014/03/07,102.93652
2014/03/06,102.74282
2014/03/05,102.46869
2014/03/04,101.83033
2014/03/03,101.32917
2014/02/28,101.80989
2014/02/27,101.8966
2014/02/26,102.36048
2014/02/25,102.26116
2014/02/24,102.43174
2014/02/21,102.50237
2014/02/20,102.07938
2014/02/19,101.91342
2014/02/18,102.51985
2014/02/17,101.90525
2014/02/14,101.75823
2014/02/13,101.95247
2014/02/12,102.32815
2014/02/11,102.36911
2014/02/10,102.11175
2014/02/07,102.24694
2014/02/06,101.46721
2014/02/05,100.99682
2014/02/04,101.37584
2014/02/03,102.10402
2014/01/31,102.1974
2014/01/30,102.60793
2014/01/29,102.68225
2014/01/28,103.01854
2014/01/27,102.78957
2014/01/24,102.41835
2014/01/23,104.10587
2014/01/22,104.35648
2014/01/21,104.67248
2014/01/20,103.97317
2014/01/17,104.38751
2014/01/16,104.58925
2014/01/15,104.26283
2014/01/14,103.62186
2014/01/13,103.53742
2014/01/10,105.00478
2014/01/09,104.99559
2014/01/08,104.7006
2014/01/07,104.41317
2014/01/06,104.60226
2014/01/03,104.48878
2014/01/02,105.30092
2013/12/31,104.938
2013/12/30,105.21657
2013/12/27,104.98045
2013/12/24,104.25314
2013/12/23,103.91184
2013/12/20,104.47455
2013/12/19,104.30233
2013/12/18,102.99658
2013/12/17,102.99658
2013/12/16,102.98345
2013/12/13,103.39477
2013/12/12,102.72958
2013/12/11,102.57863
2013/12/10,102.8
2013/12/09,102.99519
2013/12/06,102.21067
2013/12/05,102.05238
2013/12/04,102.49411
2013/12/03,102.59979
2013/12/02,102.80733
2013/11/29,102.27757
2013/11/28,102.31018
2013/11/27,101.81671
2013/11/26,101.38038
2013/11/25,101.79814
2013/11/22,101.15402
2013/11/21,100.82393
2013/11/20,99.94825
2013/11/19,99.90372
2013/11/18,100.04439
2013/11/15,100.28975
2013/11/14,99.92557
2013/11/13,99.34402
2013/11/12,99.66498
2013/11/11,99.19367
2013/11/08,97.96739
2013/11/07,98.76543
2013/11/06,98.63875
2013/11/05,98.25849
2013/11/04,98.68207
2013/11/01,98.408
2013/10/31,98.22594
2013/10/30,98.2261
2013/10/29,97.9663
2013/10/28,97.68572
2013/10/25,97.37243
2013/10/24,97.29808
2013/10/23,97.40401
2013/10/22,98.37648
2013/10/21,98.17078
2013/10/18,97.72727
2013/10/17,97.81877
2013/10/16,98.35558
2013/10/15,98.4881
2013/10/14,98.19375
2013/10/11,98.31933
2013/10/10,97.81998
2013/10/09,97.33629
2013/10/08,97.18621
2013/10/07,96.86118
2013/10/04,97.13088
2013/10/03,97.69751
2013/10/02,97.49168
2013/10/01,97.8309
2013/09/30,97.57867
2013/09/27,98.45608
2013/09/26,98.82954
2013/09/25,98.59301
2013/09/24,98.65657
2013/09/23,98.89695
2013/09/20,99.57822
2013/09/19,98.99594
2013/09/18,98.99641
2013/09/17,99.16143
2013/09/16,98.86202
2013/09/13,99.60888
2013/09/12,99.45824
2013/09/11,100.21103
2013/09/10,100.30211
2013/09/09,99.51493
2013/09/06,99.64931
2013/09/05,99.71216
2013/09/04,99.50649
2013/09/03,99.4382
2013/09/02,99.25797
2013/08/30,98.23196
2013/08/29,98.25117
2013/08/28,97.47509
2013/08/27,97.51837
2013/08/26,98.6004
2013/08/23,99.10146
2013/08/22,98.66396
2013/08/21,97.51943
2013/08/19,97.96163
2013/08/16,97.47376
2013/08/12,96.88253
2013/08/09,96.43311
2013/08/08,96.31737
2013/08/07,97.11387
2013/08/06,98.09488
2013/08/05,98.52908
2013/08/02,99.81065
2013/08/01,98.73829
2013/07/31,97.92844
2013/07/30,97.85456
2013/07/29,97.89751
2013/07/26,98.6727
2013/07/25,99.84093
2013/07/24,100.10569
2013/07/23,100.08346
2013/07/22,99.85569
2013/07/19,100.33529
2013/07/18,100.22149
2013/07/17,99.84013
2013/07/16,99.36728
2013/07/15,100.43037
2013/07/12,99.54734
2013/07/11,99.37902
2013/07/10,100.24194
2013/07/09,101.16668
2013/07/08,101.19844
2013/07/05,100.10867
2013/07/04,99.84596
2013/07/03,99.42897
2013/07/02,99.93086
2013/07/01,99.70852
2013/06/28,98.92202
2013/06/27,98.16605
2013/06/26,97.76566
2013/06/25,97.29709
2013/06/24,98.22711
2013/06/21,97.6176
2013/06/20,97.92424
2013/06/19,95.06191
2013/06/18,95.37162
2013/06/17,94.74395
2013/06/14,94.99361
2013/06/13,94.14946
2013/06/12,96.63328
2013/06/11,96.88842
2013/06/10,98.77356
2013/06/07,95.63348
2013/06/06,99.06998
2013/06/05,99.58675
2013/06/04,100.27498
2013/06/03,100.22294
2013/05/31,100.31524
2013/05/30,101.74598
2013/05/29,101.06547
2013/05/28,102.00958
2013/05/27,100.92743
2013/05/24,101.43751
2013/05/23,101.69926
2013/05/22,103.11847
2013/05/21,102.85248
2013/05/20,102.59083
2013/05/17,102.47105
2013/05/16,102.52133
2013/05/15,102.64303
2013/05/14,101.62595
2013/05/13,101.7575
2013/05/10,101.58608
2013/05/09,98.76731
2013/05/08,98.88847
2013/05/07,99.16838
2013/05/06,99.32097
2013/05/03,98.06314
2013/05/02,97.82427
2013/04/30,97.42197
2013/04/29,97.81896
2013/04/26,98.56912
2013/04/25,99.13609
2013/04/24,99.53867
2013/04/23,98.96844
2013/04/22,99.71619
2013/04/19,99.28326
2013/04/18,98.42852
2013/04/17,97.95872
2013/04/16,97.77592
2013/04/15,97.72189
2013/04/12,99.24916
2013/04/11,99.3902
2013/04/10,99.10591
2013/04/09,98.86503
2013/04/08,98.64087
2013/04/05,96.17583
2013/04/04,95.4205
2013/04/03,93.51419
2013/04/02,93.29439
2013/03/28,94.39282
2013/03/27,94.21992
2013/03/26,94.27727
2013/03/25,94.74295
2013/03/22,94.87952
2013/03/21,95.23625
2013/03/20,95.55041
2013/03/19,95.40328
2013/03/18,95.04215
2013/03/15,95.94987
2013/03/14,96.45977
2013/03/13,95.97874
2013/03/12,95.95495
2013/03/11,96.12898
2013/03/08,95.87471
2013/03/07,94.38893
2013/03/06,93.47909
2013/03/05,93.17938
2013/03/04,93.54194
2013/03/01,92.71538
2013/02/28,92.21571
2013/02/27,91.66985
2013/02/26,91.91711
2013/02/25,93.9567
2013/02/22,93.26558
2013/02/21,93.167
2013/02/20,93.56021
2013/02/19,93.49764
2013/02/18,93.79868
2013/02/15,93.08068
2013/02/14,93.33683
2013/02/13,93.43472
2013/02/12,94.21045
2013/02/11,93.43589
2013/02/08,92.35831
2013/02/07,93.66603
2013/02/06,93.57106
2013/02/05,93.32201
2013/02/04,92.70218
2013/02/01,92.18704
2013/01/31,91.01107
2013/01/30,91.24141
2013/01/29,90.46378
2013/01/28,90.90301
2013/01/25,91.1055
2013/01/24,89.69211
2013/01/23,88.50713
2013/01/22,88.74371
2013/01/21,89.59694
2013/01/18,89.96548
2013/01/17,89.25793
2013/01/16,88.16751
2013/01/15,88.57207
2013/01/14,89.27367
2013/01/11,89.03119
2013/01/10,88.27881
2013/01/09,87.57659
2013/01/08,87.54394
2013/01/07,87.79814
2013/01/04,88.34922
2013/01/03,86.95619
2013/01/02,87.00045
2012/12/31,86.10732
2012/12/28,86.09573
2012/12/27,85.83597
2012/12/24,84.46058
2012/12/21,84.02604
2012/12/20,84.19145
2012/12/19,84.4685
2012/12/18,83.87464
2012/12/17,83.88298
2012/12/14,83.74742
2012/12/13,83.4901
2012/12/12,82.91411
2012/12/11,82.4367
2012/12/10,82.15777
2012/12/07,82.28594
2012/12/06,82.35924
2012/12/05,82.13548
2012/12/04,81.94317
2012/12/03,82.22409
2012/11/30,82.68135
2012/11/29,82.13021
2012/11/28,81.7935
2012/11/27,82.13872
2012/11/26,82.12743
2012/11/23,82.26044
2012/11/22,82.54091
2012/11/21,82.38188
2012/11/20,81.49738
2012/11/19,81.1785
2012/11/16,81.16124
2012/11/15,81.26372
2012/11/14,80.15087
2012/11/13,79.49748
2012/11/12,79.41107
2012/11/09,79.124
2012/11/08,79.88379
2012/11/07,80.11141
2012/11/06,80.15625
2012/11/05,80.30054
2012/11/02,80.58366
2012/11/01,80.01541
2012/10/31,79.87378
2012/10/30,79.46305
2012/10/29,79.61699
2012/10/26,79.91168
2012/10/25,80.15855
2012/10/24,79.84083
2012/10/23,79.84621
2012/10/22,79.82087
2012/10/19,79.22516
2012/10/18,79.288
2012/10/17,78.6814
2012/10/16,78.90541
2012/10/15,78.71405
2012/10/12,78.41172
2012/10/11,78.38675
2012/10/10,78.31484
2012/10/09,78.24442
2012/10/08,78.2914
2012/10/05,78.46485
2012/10/04,78.66574
2012/10/03,78.3478
2012/10/02,78.12838
2012/10/01,77.984
2012/09/28,77.62568
2012/09/27,77.6604
2012/09/26,77.71117
2012/09/25,77.76833
2012/09/24,78.035
2012/09/21,78.21066
2012/09/20,78.13031
2012/09/19,78.74173
2012/09/18,78.62724
2012/09/17,78.41204
2012/09/14,78.0756
2012/09/13,77.64524
2012/09/12,77.89237
2012/09/11,77.96981
2012/09/10,78.25611
2012/09/07,78.9076
2012/09/06,78.62003
2012/09/05,78.44649
2012/09/04,78.36871
2012/09/03,78.31795
2012/08/31,78.47118
2012/08/30,78.62723
2012/08/29,78.62096
2012/08/28,78.57029
2012/08/27,78.77893
2012/08/24,78.48405
2012/08/23,78.61695
2012/08/22,79.24968
2012/08/21,79.50595
2012/08/20,79.52846
2012/08/17,79.41153
2012/08/16,79.30613
2012/08/15,78.99967
2012/08/14,78.64313
2012/08/13,78.29646
2012/08/10,78.38852
2012/08/09,78.47329
2012/08/08,78.37224
2012/08/07,78.46574
2012/08/06,78.35043
2012/08/03,78.27685
2012/08/02,78.27636
2012/08/01,78.2241
2012/07/31,78.17486
2012/07/30,78.21329
2012/07/27,78.1765
2012/07/26,78.13214
2012/07/25,78.26768
2012/07/24,78.27777
2012/07/23,78.24866
2012/07/20,78.57377
2012/07/19,78.54643
2012/07/18,78.9848
2012/07/17,79.09779
2012/07/16,79.04246
2012/07/13,79.2778
2012/07/12,79.348
2012/07/11,79.23328
2012/07/10,79.47904
2012/07/09,79.56561
2012/07/06,79.88204
2012/07/05,79.78432
2012/07/04,79.84076
2012/07/03,79.72962
2012/07/02,79.81418
2012/06/29,79.53137
2012/06/28,79.40087
2012/06/27,79.73233
2012/06/26,79.33467
2012/06/25,79.73254
2012/06/22,80.29348
2012/06/21,80.07893
2012/06/20,78.90428
2012/06/19,78.90483
2012/06/18,79.05373
2012/06/15,78.78692
2012/06/14,79.28452
2012/06/13,79.62342
2012/06/12,79.57093
2012/06/11,79.40051
2012/06/08,79.32307
2012/06/07,79.4601
2012/06/06,79.15098
2012/06/05,78.24443
2012/06/04,78.12173
2012/06/01,78.11232
2012/05/31,78.73901
2012/05/30,79.09632
2012/05/29,79.5656
2012/05/28,79.38087
2012/05/25,79.54727
2012/05/24,79.43776
2012/05/23,79.46125
2012/05/22,79.87939
2012/05/21,79.26275
2012/05/18,79.35697
2012/05/17,80.2476
2012/05/16,80.49144
2012/05/15,79.92681
2012/05/14,79.79476
2012/05/11,79.94438
2012/05/10,79.70836
2012/05/09,79.52896
2012/05/08,79.85413
2012/05/07,79.94322
2012/05/04,80.26957
2012/05/03,80.38558
2012/05/02,80.19953
2012/04/30,80.10443
2012/04/27,80.69393
2012/04/26,80.93833
2012/04/25,81.28881
2012/04/24,81.20204
2012/04/23,81.1134
2012/04/20,81.72377
2012/04/19,81.70564
2012/04/18,81.4481
2012/04/17,80.68839
2012/04/16,80.7586
2012/04/13,80.99331
2012/04/12,81.00053
2012/04/11,80.86208
2012/04/10,81.19567
2012/04/05,81.92531
2012/04/04,82.34667
2012/04/03,82.08787
2012/04/02,82.55124
2012/03/30,82.03055
2012/03/29,82.28602
2012/03/28,83.03217
2012/03/27,82.92957
2012/03/26,82.7207
2012/03/23,82.38937
2012/03/22,83.0865
2012/03/21,84.01512
2012/03/20,83.70965
2012/03/19,83.44487
2012/03/16,83.72217
2012/03/15,83.34227
2012/03/14,83.57066
2012/03/13,82.73723
2012/03/12,82.16327
2012/03/09,81.82094
2012/03/08,81.69461
2012/03/07,80.75457
2012/03/06,81.09177
2012/03/05,81.34644
2012/03/02,81.51623
2012/03/01,81.09225
2012/02/29,80.2797
2012/02/28,80.5634
2012/02/27,80.52734
2012/02/24,80.51745
2012/02/23,80.2406
2012/02/22,80.28723
2012/02/21,79.7005
2012/02/20,79.504
2012/02/17,79.32974
2012/02/16,78.80912
2012/02/15,78.46777
2012/02/14,78.10008
2012/02/13,77.60676
2012/02/10,77.6632
2012/02/09,77.2351
2012/02/08,76.92482
2012/02/07,76.77114
2012/02/06,76.65235
2012/02/03,76.21581
2012/02/02,76.1112
2012/02/01,76.12144
2012/01/31,76.37371
2012/01/30,76.68192
2012/01/27,76.97223
2012/01/26,77.58083
2012/01/25,78.05594
2012/01/24,77.58979
2012/01/23,76.89944
2012/01/20,77.14308
2012/01/19,76.82596
2012/01/18,76.79059
2012/01/17,76.77873
2012/01/16,76.76218
2012/01/13,76.78334
2012/01/12,76.88442
2012/01/11,76.95392
2012/01/10,76.81918
2012/01/09,76.89346
2012/01/06,77.14465
2012/01/05,76.8937
2012/01/04,76.79178
2012/01/03,76.73275
2012/01/02,76.93854
2011/12/30,77.4403
2011/12/29,77.77174
2011/12/28,77.64265
2011/12/27,77.856
2011/12/23,78.06541
2011/12/22,78.12524
2011/12/21,77.87651
2011/12/20,77.92565
2011/12/19,77.85873
2011/12/16,77.84752
2011/12/15,77.80936
2011/12/14,78.07281
2011/12/13,77.83931
2011/12/12,77.82054
2011/12/09,77.66736
2011/12/08,77.34526
2011/12/07,77.73791
2011/12/06,77.7587
2011/12/05,77.97203
2011/12/02,77.89949
2011/12/01,77.70531
2011/11/30,77.50783
2011/11/29,77.84943
2011/11/28,77.77944
2011/11/25,77.54932
2011/11/24,77.07321
2011/11/23,77.2167
2011/11/22,76.94865
2011/11/21,76.86135
2011/11/18,76.64997
2011/11/17,76.97329
2011/11/16,76.95788
2011/11/15,76.9731
2011/11/14,77.00417
2011/11/11,77.35531
2011/11/10,77.59988
2011/11/09,77.72317
2011/11/08,77.9736
2011/11/07,78.08179
2011/11/04,78.08756
2011/11/03,77.92783
2011/11/02,78.05055
2011/11/01,78.21237
2011/10/31,78.00871
2011/10/28,75.76977
2011/10/27,75.78715
2011/10/26,75.8742
2011/10/25,76.146
2011/10/24,76.10421
2011/10/21,76.69227
2011/10/20,76.82335
2011/10/19,76.79346
2011/10/18,76.7549
2011/10/17,77.25755
2011/10/14,77.07685
2011/10/13,76.84126
2011/10/12,76.83423
2011/10/11,76.62233
2011/10/10,76.70124
2011/10/07,76.68602
2011/10/06,76.77293
2011/10/05,76.66642
2011/10/04,76.68614
2011/10/03,76.82899
2011/09/30,76.8644
2011/09/29,76.7242
2011/09/28,76.45807
2011/09/27,76.46366
2011/09/26,76.33333
2011/09/23,76.18764
2011/09/22,76.28644
2011/09/21,76.32004
2011/09/20,76.52808
2011/09/19,76.69526
2011/09/16,76.74419
2011/09/15,76.60022
2011/09/14,76.83007
2011/09/13,76.95859
2011/09/12,77.12361
2011/09/09,77.78823
2011/09/08,77.19311
2011/09/07,77.21573
2011/09/06,77.37428
2011/09/05,76.8512
2011/09/02,76.85724
2011/09/01,77.05985
2011/08/31,76.50519
2011/08/30,76.76017
2011/08/29,76.65493
2011/08/26,76.66296
2011/08/25,77.16999
2011/08/24,76.56759
2011/08/23,76.55926
2011/08/22,76.77097
2011/08/19,76.46854
2011/08/18,76.60937
2011/08/17,76.51447
2011/08/16,76.68524
2011/08/15,76.78384
2011/08/12,76.54035
2011/08/11,76.56791
2011/08/10,76.45298
2011/08/09,77.26922
2011/08/08,77.88401
2011/08/05,78.59414
2011/08/04,79.58395
2011/08/03,77.04895
2011/08/02,77.35356
2011/08/01,76.89213
2011/07/29,77.55259
2011/07/28,77.74194
2011/07/27,77.84854
2011/07/26,78.10103
2011/07/25,78.20584
2011/07/22,78.40317
2011/07/21,78.81451
2011/07/20,78.86957
2011/07/19,78.93362
2011/07/18,79.10288
2011/07/15,79.15312
2011/07/14,79.03112
2011/07/13,79.33632
2011/07/12,79.678
2011/07/11,80.50655
2011/07/08,81.43519
2011/07/07,81.16797
2011/07/06,81.03785
2011/07/05,81.06632
2011/07/04,80.76552
2011/07/01,80.70127
2011/06/30,80.43313
2011/06/29,81.06066
2011/06/28,80.85688
2011/06/27,80.77438
2011/06/24,80.21097
2011/06/23,80.62201
2011/06/22,80.1278
2011/06/21,80.15028
2011/06/20,80.2529
2011/06/17,80.38542
2011/06/16,80.6573
2011/06/15,80.84243
2011/06/14,80.22564
2011/06/13,80.38874
2011/06/10,80.07732
2011/06/09,79.96442
2011/06/08,79.81928
2011/06/07,80.22796
2011/06/06,80.1932
2011/06/03,80.68056
2011/06/02,80.63624
2011/06/01,81.28123
2011/05/31,81.48766
2011/05/30,80.8296
2011/05/27,81.10761
2011/05/26,81.83936
2011/05/25,82.07406
2011/05/24,81.94336
2011/05/23,81.79743
2011/05/20,81.66749
2011/05/19,81.89975
2011/05/18,81.14852
2011/05/17,81.63856
2011/05/16,80.85272
2011/05/13,80.7563
2011/05/12,80.92984
2011/05/11,81.12419
2011/05/10,80.59618
2011/05/09,80.76683
2011/05/06,80.33929
2011/05/05,79.78939
2011/05/04,81.05093
2011/05/03,80.75778
2011/05/02,81.45178
2011/04/29,81.20458
2011/04/28,81.76964
2011/04/27,82.2607
2011/04/26,81.70623
2011/04/21,81.95283
2011/04/20,82.76266
2011/04/19,82.66676
2011/04/18,82.83713
2011/04/15,83.30104
2011/04/14,83.22339
2011/04/13,84.06817
2011/04/12,84.22253
2011/04/11,84.70279
2011/04/08,85.27186
2011/04/07,85.20619
2011/04/06,85.18881
2011/04/05,84.28632
2011/04/04,83.96067
2011/04/01,83.84131
2011/03/31,82.78314
2011/03/30,83.04471
2011/03/29,82.18399
2011/03/28,81.66334
2011/03/25,81.16897
2011/03/24,80.93148
2011/03/23,80.94228
2011/03/22,81.02878
2011/03/21,81.04833
2011/03/18,81.16065
2011/03/17,78.8489
2011/03/16,80.58921
2011/03/15,80.94929
2011/03/14,81.84686
2011/03/11,82.21883
2011/03/10,83.07158
2011/03/09,82.66801
2011/03/08,82.48669
2011/03/07,82.08583
2011/03/04,82.84732
2011/03/03,81.89892
2011/03/02,82.06966
2011/03/01,82.01808
2011/02/28,81.87075
2011/02/25,81.76137
2011/02/24,81.8195
2011/02/23,82.79805
2011/02/22,83.14187
2011/02/21,83.17237
2011/02/18,83.37859
2011/02/17,83.62094
2011/02/16,83.73057
2011/02/15,83.79719
2011/02/14,83.44494
2011/02/11,83.56256
2011/02/10,82.85063
2011/02/09,82.54561
2011/02/08,82.20755
2011/02/07,82.28437
2011/02/04,81.74015
2011/02/03,81.81884
2011/02/02,81.39535
2011/02/01,81.56307
2011/01/31,82.15746
2011/01/28,82.24654
2011/01/27,83.0417
2011/01/26,82.2089
2011/01/25,82.43601
2011/01/24,82.86788
2011/01/21,82.73796
2011/01/20,82.34115
2011/01/19,82.07463
2011/01/18,82.48448
2011/01/17,82.57081
2011/01/14,82.93505
2011/01/13,82.96083
2011/01/12,83.38087
2011/01/11,83.10936
2011/01/10,83.0582
2011/01/07,83.55065
2011/01/06,83.2022
2011/01/05,82.2826
2011/01/04,82.11013
2011/01/03,81.43542
2010/12/31,81.31268
2010/12/30,81.50602
2010/12/29,82.2092
2010/12/28,82.00076
2010/12/27,82.89434
2010/12/24,82.92999
2010/12/23,83.39712
2010/12/22,83.64857
2010/12/21,83.6184
2010/12/20,83.74534
2010/12/17,83.90649
2010/12/16,84.06104
2010/12/15,83.74251
2010/12/14,83.08895
2010/12/13,84.0808
2010/12/10,83.66053
2010/12/09,84.01695
2010/12/08,84.15152
2010/12/07,82.63863
2010/12/06,82.87651
2010/12/03,83.69319
2010/12/02,84.35576
2010/12/01,84.15555
2010/11/30,83.85906
2010/11/29,84.23094
2010/11/26,83.87146
2010/11/25,83.58982
2010/11/24,83.42454
2010/11/23,83.35803
2010/11/22,83.51286
2010/11/19,83.43572
2010/11/18,83.32967
2010/11/17,83.45078
2010/11/16,83.16926
2010/11/15,83.1572
2010/11/12,82.11655
2010/11/11,82.32117
2010/11/10,82.41104
2010/11/09,80.63105
2010/11/08,81.10943
2010/11/05,81.23402
2010/11/04,80.84106
2010/11/03,81.11175
2010/11/02,80.73905
2010/11/01,80.38202
2010/10/29,80.73176
2010/10/28,81.23692
2010/10/27,81.70688
2010/10/26,81.30391
2010/10/25,80.68562
2010/10/22,81.22578
2010/10/21,81.0859
2010/10/20,81.22791
2010/10/19,81.65091
2010/10/18,81.31836
2010/10/15,81.11292
2010/10/14,81.15027
2010/10/13,81.83837
2010/10/12,81.94173
2010/10/11,81.97474
2010/10/08,82.31945
2010/10/07,82.39084
2010/10/06,82.9821
2010/10/05,83.30914
2010/10/04,83.25429
2010/10/01,83.24348
2010/09/30,83.29426
2010/09/29,83.64558
2010/09/28,84.1159
2010/09/27,84.2324
2010/09/24,84.40203
2010/09/23,84.43294
2010/09/22,84.66028
2010/09/21,85.40396
2010/09/20,85.71975
2010/09/17,85.74273
2010/09/16,85.58648
2010/09/15,85.48772
2010/09/14,83.29961
2010/09/13,84.12624
2010/09/10,83.96071
2010/09/09,83.72788
2010/09/08,83.8072
2010/09/07,83.85122
2010/09/06,84.21625
2010/09/03,84.44756
2010/09/02,84.10829
2010/09/01,84.01562
2010/08/31,84.44006
2010/08/30,84.67717
2010/08/27,84.7479
2010/08/26,84.41661
2010/08/25,84.42876
2010/08/24,84.20427
2010/08/23,85.19364
2010/08/20,85.39061
2010/08/19,85.55625
2010/08/18,85.34938
2010/08/17,85.27216
2010/08/16,85.40562
2010/08/13,85.77233
2010/08/12,85.61376
2010/08/11,84.94161
2010/08/10,86.21792
2010/08/09,85.6259
2010/08/06,85.86825
2010/08/05,86.21056
2010/08/04,85.50659
2010/08/03,85.85584
2010/08/02,86.64423
2010/07/30,86.44458
2010/07/29,86.95386
2010/07/28,87.754
2010/07/27,87.30914
2010/07/26,86.8533
2010/07/23,87.21408
2010/07/22,86.8249
2010/07/21,87.00944
2010/07/20,86.81096
2010/07/19,87.08806
2010/07/16,86.56923
2010/07/15,88.17431
2010/07/14,88.55388
2010/07/13,88.27273
2010/07/12,88.56984
2010/07/09,88.50993
2010/07/08,88.06477
2010/07/07,87.18071
2010/07/06,87.81302
2010/07/05,87.72644
2010/07/02,87.56774
2010/07/01,87.71901
2010/06/30,88.65618
2010/06/29,88.79324
2010/06/28,89.35084
2010/06/25,89.46641
2010/06/24,89.37367
2010/06/23,90.26159
2010/06/22,90.62653
2010/06/21,91.27593
2010/06/18,90.62399
2010/06/17,91.31279
2010/06/16,91.34968
2010/06/15,91.18127
2010/06/14,91.78708
2010/06/11,91.63849
2010/06/10,91.19137
2010/06/09,91.58201
2010/06/08,91.54246
2010/06/07,91.86387
2010/06/04,92.64511
2010/06/03,92.71275
2010/06/02,91.96268
2010/06/01,91.0325
2010/05/31,91.5089
2010/05/28,91.29522
2010/05/27,90.40392
2010/05/26,90.46226
2010/05/25,89.60975
2010/05/24,90.31553
2010/05/21,89.68552
2010/05/20,90.74915
2010/05/19,91.67889
2010/05/18,92.79047
2010/05/17,92.45283
2010/05/14,92.4992
2010/05/13,92.9451
2010/05/12,93.06322
2010/05/11,92.43975
2010/05/10,93.27627
2010/05/07,92.45253
2010/05/06,93.76915
2010/05/05,94.9087
2010/05/04,94.47628
2010/05/03,94.38737
2010/04/30,94.48742
2010/04/29,94.11587
2010/04/28,93.98263
2010/04/27,93.82995
2010/04/26,94.18212
2010/04/23,93.98993
2010/04/22,92.98298
2010/04/21,93.2102
2010/04/20,92.926
2010/04/19,91.94461
2010/04/16,92.57481
2010/04/15,93.16302
2010/04/14,93.58795
2010/04/13,93.01333
2010/04/12,93.4781
2010/04/09,93.64913
2010/04/08,93.08063
2010/04/07,93.73313
2010/04/06,94.08779
2010/04/01,93.76299
2010/03/31,93.42681
2010/03/30,92.56787
2010/03/29,92.60634
2010/03/26,92.86303
2010/03/25,92.42288
2010/03/24,91.93282
2010/03/23,90.36171
2010/03/22,90.00817
2010/03/19,90.68497
2010/03/18,90.28551
2010/03/17,90.45507
2010/03/16,90.51957
2010/03/15,90.69683
2010/03/12,90.49764
2010/03/11,90.67877
2010/03/10,90.49229
2010/03/09,89.78388
2010/03/08,90.38208
2010/03/05,89.44191
2010/03/04,88.42552
2010/03/03,88.77648
2010/03/02,89.07588
2010/03/01,89.21996
2010/02/26,89.10833
2010/02/25,89.45066
2010/02/24,90.17495
2010/02/23,90.73433
2010/02/22,91.28137
2010/02/19,91.84851
2010/02/18,90.88229
2010/02/17,90.8422
2010/02/16,89.88204
2010/02/15,89.9684
2010/02/12,90.1341
2010/02/11,89.68509
2010/02/10,89.52693
2010/02/09,89.68023
2010/02/08,89.26508
2010/02/05,89.46753
2010/02/04,90.76334
2010/02/03,90.625
2010/02/02,90.55033
2010/02/01,90.27528
2010/01/29,90.32651
2010/01/28,90.26359
2010/01/27,89.50398
2010/01/26,89.67696
2010/01/25,90.26924
2010/01/22,90.09551
2010/01/21,91.82309
2010/01/20,91.03453
2010/01/19,90.89572
2010/01/18,90.70221
2010/01/15,90.96981
2010/01/14,91.72995
2010/01/13,91.34107
2010/01/12,91.43706
2010/01/11,92.394
2010/01/08,93.43516
2010/01/07,93.33054
2010/01/06,92.4669
2010/01/05,91.77399
